-- MySQL dump 10.13  Distrib 5.5.8, for Win32 (x86)
--
-- Host: localhost    Database: tsp
-- ------------------------------------------------------
-- Server version	5.5.8-log

/*!40101 SET @OLD_CHARACTER_SET_CLIENT=@@CHARACTER_SET_CLIENT */;
/*!40101 SET @OLD_CHARACTER_SET_RESULTS=@@CHARACTER_SET_RESULTS */;
/*!40101 SET @OLD_COLLATION_CONNECTION=@@COLLATION_CONNECTION */;
/*!40101 SET NAMES utf8 */;
/*!40103 SET @OLD_TIME_ZONE=@@TIME_ZONE */;
/*!40103 SET TIME_ZONE='+00:00' */;
/*!40014 SET @OLD_UNIQUE_CHECKS=@@UNIQUE_CHECKS, UNIQUE_CHECKS=0 */;
/*!40014 SET @OLD_FOREIGN_KEY_CHECKS=@@FOREIGN_KEY_CHECKS, FOREIGN_KEY_CHECKS=0 */;
/*!40101 SET @OLD_SQL_MODE=@@SQL_MODE, SQL_MODE='NO_AUTO_VALUE_ON_ZERO' */;
/*!40111 SET @OLD_SQL_NOTES=@@SQL_NOTES, SQL_NOTES=0 */;

--
-- Current Database: `tsp`
--

CREATE DATABASE /*!32312 IF NOT EXISTS*/ `tsp` /*!40100 DEFAULT CHARACTER SET latin1 */;

USE `tsp`;

--
-- Table structure for table `alarm_colours`
--

DROP TABLE IF EXISTS `alarm_colours`;
/*!40101 SET @saved_cs_client     = @@character_set_client */;
/*!40101 SET character_set_client = utf8 */;
CREATE TABLE `alarm_colours` (
  `id` int(11) NOT NULL AUTO_INCREMENT,
  `name` varchar(45) NOT NULL,
  `colour` varchar(45) NOT NULL,
  `basecolour` varchar(45) NOT NULL,
  `textcolour` varchar(45) NOT NULL,
  `class` varchar(45) NOT NULL,
  PRIMARY KEY (`id`)
) ENGINE=MyISAM AUTO_INCREMENT=22 DEFAULT CHARSET=latin1;
/*!40101 SET character_set_client = @saved_cs_client */;

--
-- Dumping data for table `alarm_colours`
--

LOCK TABLES `alarm_colours` WRITE;
/*!40000 ALTER TABLE `alarm_colours` DISABLE KEYS */;
INSERT INTO `alarm_colours` VALUES (0,'Plain','0px','#3CB500','#000000','nopulsate'),(4,'Info','4px #6BD613','#6BD613','#000000','nopulsate'),(6,'Error','4px #C20000','#FF0000','#ffffff','pulsate'),(2,'Working Node','#3CB500','#3CB500','#000000','nopulsate'),(5,'Warning','4px #E86933','#EB8C3F','#000000','pulsate'),(3,'maintenance','4px #FFEA00','#FFEA00','#000000','nopulsate'),(1,'timeout','4px #D4D4D4','#D4D4D4','#000000','nopulsate');
/*!40000 ALTER TABLE `alarm_colours` ENABLE KEYS */;
UNLOCK TABLES;

--
-- Table structure for table `config_tsp_buttonlist`
--

DROP TABLE IF EXISTS `config_tsp_buttonlist`;
/*!40101 SET @saved_cs_client     = @@character_set_client */;
/*!40101 SET character_set_client = utf8 */;
CREATE TABLE `config_tsp_buttonlist` (
  `Button_ID` int(9) DEFAULT NULL,
  `Name` varchar(255) DEFAULT NULL,
  `Url` varchar(255) DEFAULT NULL
) ENGINE=MyISAM DEFAULT CHARSET=utf8;
/*!40101 SET character_set_client = @saved_cs_client */;

--
-- Dumping data for table `config_tsp_buttonlist`
--

LOCK TABLES `config_tsp_buttonlist` WRITE;
/*!40000 ALTER TABLE `config_tsp_buttonlist` DISABLE KEYS */;
INSERT INTO `config_tsp_buttonlist` VALUES (1,'VNC NASM1','vnc.php?ip=192.168.1.2'),(2,'VNC NASM2','vnc.php?ip=192.168.1.4'),(3,'VNC NASM3','vnc.php?ip=192.168.1.5'),(4,'VNC NASB1','vnc.php?ip=192.168.1.3'),(5,'VNC NASB2','vnc.php?ip=192.168.11.4'),(6,'VNC NASB3','vnc.php?ip=192.168.11.5'),(7,'VNC Replay 1','vnc.php?ip=192.168.1.6'),(8,'VNC Replay 2','vnc.php?ip=192.168.1.7'),(9,'View All Events on NASM1','http://192.168.1.2/EventViewer'),(10,'View All Events on NASM2','http://192.168.1.4/EventViewer'),(11,'View All Events on NASM3','http://192.168.1.5/EventViewer'),(12,'View All Events on NASB1 ','http://192.168.1.3/EventViewer'),(13,'View All Events on NASB2','http://192.168.11.4/EventViewer'),(14,'View All Events on NASB3','http://192.168.11.5/EventViewer'),(15,'View All Events on TSP','http://localhost/EventViewer'),(16,'View All Events on Replay 1','http://192.168.1.6/EventViewer'),(17,'View All Events on Replay 2','http://192.168.1.7/EventViewer'),(18,'View Source Events on NASM1','http://192.168.1.2/EventViewer/index.php?target=SOURCE'),(19,'View Source Events on NASM2','http://192.168.1.4/EventViewer/index.php?target=SOURCE'),(20,'View Source Events on NASM3','http://192.168.1.5/EventViewer/index.php?target=SOURCE'),(21,'View Source Events on NASB1','http://192.168.1.3/EventViewer/index.php?target=SOURCE'),(22,'View Source Events on NASB2','http://192.168.11.4/EventViewer/index.php?target=SOURCE'),(23,'View Source Events on NASB3','http://192.168.11.5/EventViewer/index.php?target=SOURCE'),(24,'View FRC Events on NASM1','http://192.168.1.2/EventViewer/index.php?target=FRC'),(25,'View FRC Events on NASM2','http://192.168.1.4/EventViewer/index.php?target=FRC'),(26,'View FRC Events on NASM3','http://192.168.1.5/EventViewer/index.php?target=FRC'),(27,'View FRC Events on NASB1','http://192.168.1.3/EventViewer/index.php?target=FRC'),(28,'View FRC Events on NASB2','http://192.168.11.4/EventViewer/index.php?target=FRC'),(29,'View FRC Events on NASB3','http://192.168.11.5/EventViewer/index.php?target=FRC'),(30,'View NAS Events on NASM1','http://192.168.1.2/EventViewer/index.php?target=NAS'),(31,'View NAS Events on NASM2','http://192.168.1.4/EventViewer/index.php?target=NAS'),(32,'View NAS Events on NASM3','http://192.168.1.5/EventViewer/index.php?target=NAS'),(33,'View NAS Events on NASB1','http://192.168.1.3/EventViewer/index.php?target=NAS'),(34,'View NAS Events on NASB2','http://192.168.11.4/EventViewer/index.php?target=NAS'),(35,'View NAS Events on NASB3','http://192.168.11.5/EventViewer/index.php?target=NAS'),(36,'View Partition Events on NASM1','http://192.168.1.2/EventViewer/index.php?target=DRIVE'),(37,'View Partition Events on NASM2','http://192.168.1.4/EventViewer/index.php?target=DRIVE'),(38,'View Partition Events on NASM3','http://192.168.1.5/EventViewer/index.php?target=DRIVE'),(39,'View Partition Events on NASB1','http://192.168.1.3/EventViewer/index.php?target=DRIVE'),(40,'View Partition Events on NASB2','http://192.168.11.4/EventViewer/index.php?target=DRIVE'),(41,'View Partition Events on NASB3','http://192.168.11.5/EventViewer/index.php?target=DRIVE'),(42,'View CH1 Main Events','http://192.168.1.2/EventViewer/index.php?ch=1'),(43,'View CH2 Main Events','http://192.168.1.2/EventViewer/index.php?ch=2'),(44,'View CH3 Main Events','http://192.168.1.2/EventViewer/index.php?ch=3'),(45,'View CH4 Main Events','http://192.168.1.2/EventViewer/index.php?ch=4'),(46,'View CH5 Main Events','http://192.168.1.3/EventViewer/index.php?ch=5'),(47,'View CH6 Main Events','http://192.168.1.3/EventViewer/index.php?ch=6'),(48,'View CH7 Main Events','http://192.168.1.3/EventViewer/index.php?ch=7'),(49,'View CH8 Main Events','http://192.168.1.3/EventViewer/index.php?ch=8'),(50,'View CH9 Main Events','http://192.168.1.3/EventViewer/index.php?ch=9'),(51,'View CH10 Main Events','http://192.168.1.3/EventViewer/index.php?ch=10'),(52,'View CH11 Main Events','http://192.168.1.3/EventViewer/index.php?ch=11'),(53,'View CH12 Main Events','http://192.168.1.3/EventViewer/index.php?ch=12'),(54,'View CH13 Main Events','http://192.168.1.3/EventViewer/index.php?ch=13'),(55,'View CH14 Main Events','http://192.168.1.3/EventViewer/index.php?ch=14'),(56,'View CH15 Main Events','http://192.168.1.3/EventViewer/index.php?ch=15'),(57,'View CH16 Main Events','http://192.168.1.3/EventViewer/index.php?ch=16'),(58,'View CH17 Main Events','http://192.168.1.4/EventViewer/index.php?ch=17'),(59,'View CH18 Main Events','http://192.168.1.4/EventViewer/index.php?ch=18'),(60,'View CH19 Main Events','http://192.168.1.4/EventViewer/index.php?ch=19'),(61,'View CH20 Main Events','http://192.168.1.4/EventViewer/index.php?ch=20'),(62,'View CH21 Main Events','http://192.168.1.4/EventViewer/index.php?ch=21'),(63,'View CH22 Main Events','http://192.168.1.4/EventViewer/index.php?ch=22'),(64,'View CH23 Main Events','http://192.168.1.4/EventViewer/index.php?ch=23'),(65,'View CH24 Main Events','http://192.168.1.4/EventViewer/index.php?ch=24'),(66,'View CH25 Main Events','http://192.168.1.4/EventViewer/index.php?ch=25'),(67,'View CH26 Main Events','http://192.168.1.4/EventViewer/index.php?ch=26'),(68,'View CH27 Main Events','http://192.168.1.4/EventViewer/index.php?ch=27'),(69,'View CH28 Main Events','http://192.168.1.4/EventViewer/index.php?ch=28'),(70,'View CH29 Main Events','http://192.168.1.4/EventViewer/index.php?ch=29'),(71,'View CH30 Main Events','http://192.168.1.4/EventViewer/index.php?ch=30'),(72,'View CH31 Main Events','http://192.168.1.4/EventViewer/index.php?ch=31'),(73,'View CH32 Main Events','http://192.168.1.4/EventViewer/index.php?ch=32'),(74,'View CH33 Main Events','http://192.168.1.5/EventViewer/index.php?ch=33'),(75,'View CH34 Main Events','http://192.168.1.5/EventViewer/index.php?ch=34'),(76,'View CH35 Main Events','http://192.168.1.5/EventViewer/index.php?ch=35'),(77,'View CH36 Main Events','http://192.168.1.5/EventViewer/index.php?ch=36'),(78,'View CH37 Main Events','http://192.168.1.5/EventViewer/index.php?ch=37'),(79,'View CH38 Main Events','http://192.168.1.5/EventViewer/index.php?ch=38'),(80,'View CH39 Main Events','http://192.168.1.5/EventViewer/index.php?ch=39'),(81,'View CH40 Main Events','http://192.168.1.5/EventViewer/index.php?ch=40'),(82,'View CH41 Main Events','http://192.168.1.5/EventViewer/index.php?ch=41'),(83,'View CH42 Main Events','http://192.168.1.5/EventViewer/index.php?ch=42'),(84,'View CH43 Main Events','http://192.168.1.5/EventViewer/index.php?ch=43'),(85,'View CH44 Main Events','http://192.168.1.5/EventViewer/index.php?ch=44'),(86,'View CH45 Main Events','http://192.168.1.5/EventViewer/index.php?ch=45'),(87,'View CH46 Main Events','http://192.168.1.5/EventViewer/index.php?ch=46'),(88,'View CH47 Main Events','http://192.168.1.5/EventViewer/index.php?ch=47'),(89,'View CH48 Main Events','http://192.168.1.5/EventViewer/index.php?ch=48'),(90,'View CH1 Backup Events','http://192.168.1.3/EventViewer/index.php?ch=1'),(91,'View CH2 Backup Events','http://192.168.1.3/EventViewer/index.php?ch=2'),(92,'View CH3 Backup Events','http://192.168.1.3/EventViewer/index.php?ch=3'),(93,'View CH4 Backup Events','http://192.168.1.3/EventViewer/index.php?ch=4'),(94,'View CH5 Backup Events','http://192.168.11.3/EventViewer/index.php?ch=5'),(95,'View CH6 Backup Events','http://192.168.11.3/EventViewer/index.php?ch=6'),(96,'View CH7 Backup Events','http://192.168.11.3/EventViewer/index.php?ch=7'),(97,'View CH8 Backup Events','http://192.168.11.3/EventViewer/index.php?ch=8'),(98,'View CH9 Backup Events','http://192.168.11.3/EventViewer/index.php?ch=9'),(99,'View CH10 Backup Events','http://192.168.11.3/EventViewer/index.php?ch=10'),(100,'View CH11 Backup Events','http://192.168.11.3/EventViewer/index.php?ch=11'),(101,'View CH12 Backup Events','http://192.168.11.3/EventViewer/index.php?ch=12'),(102,'View CH13 Backup Events','http://192.168.11.3/EventViewer/index.php?ch=13'),(103,'View CH14 Backup Events','http://192.168.11.3/EventViewer/index.php?ch=14'),(104,'View CH15 Backup Events','http://192.168.11.3/EventViewer/index.php?ch=15'),(105,'View CH16 Backup Events','http://192.168.11.3/EventViewer/index.php?ch=16'),(106,'View CH17 Backup Events','http://192.168.11.4/EventViewer/index.php?ch=17'),(107,'View CH18 Backup Events','http://192.168.11.4/EventViewer/index.php?ch=18'),(108,'View CH19 Backup Events','http://192.168.11.4/EventViewer/index.php?ch=19'),(109,'View CH20 Backup Events','http://192.168.11.4/EventViewer/index.php?ch=20'),(110,'View CH21 Backup Events','http://192.168.11.4/EventViewer/index.php?ch=21'),(111,'View CH22 Backup Events','http://192.168.11.4/EventViewer/index.php?ch=22'),(112,'View CH23 Backup Events','http://192.168.11.4/EventViewer/index.php?ch=23'),(113,'View CH24 Backup Events','http://192.168.11.4/EventViewer/index.php?ch=24'),(114,'View CH25 Backup Events','http://192.168.11.4/EventViewer/index.php?ch=25'),(115,'View CH26 Backup Events','http://192.168.11.4/EventViewer/index.php?ch=26'),(116,'View CH27 Backup Events','http://192.168.11.4/EventViewer/index.php?ch=27'),(117,'View CH28 Backup Events','http://192.168.11.4/EventViewer/index.php?ch=28'),(118,'View CH29 Backup Events','http://192.168.11.4/EventViewer/index.php?ch=29'),(119,'View CH30 Backup Events','http://192.168.11.4/EventViewer/index.php?ch=30'),(120,'View CH31 Backup Events','http://192.168.11.4/EventViewer/index.php?ch=31'),(121,'View CH32 Backup Events','http://192.168.11.4/EventViewer/index.php?ch=32'),(122,'View CH33 Backup Events','http://192.168.11.5/EventViewer/index.php?ch=33'),(123,'View CH34 Backup Events','http://192.168.11.5/EventViewer/index.php?ch=34'),(124,'View CH35 Backup Events','http://192.168.11.5/EventViewer/index.php?ch=35'),(125,'View CH36 Backup Events','http://192.168.11.5/EventViewer/index.php?ch=36'),(126,'View CH37 Backup Events','http://192.168.11.5/EventViewer/index.php?ch=37'),(127,'View CH38 Backup Events','http://192.168.11.5/EventViewer/index.php?ch=38'),(128,'View CH39 Backup Events','http://192.168.11.5/EventViewer/index.php?ch=39'),(129,'View CH40 Backup Events','http://192.168.11.5/EventViewer/index.php?ch=40'),(130,'View CH41 Backup Events','http://192.168.11.5/EventViewer/index.php?ch=41'),(131,'View CH42 Backup Events','http://192.168.11.5/EventViewer/index.php?ch=42'),(132,'View CH43 Backup Events','http://192.168.11.5/EventViewer/index.php?ch=43'),(133,'View CH44 Backup Events','http://192.168.11.5/EventViewer/index.php?ch=44'),(134,'View CH45 Backup Events','http://192.168.11.5/EventViewer/index.php?ch=45'),(135,'View CH46 Backup Events','http://192.168.11.5/EventViewer/index.php?ch=46'),(136,'View CH47 Backup Events','http://192.168.11.5/EventViewer/index.php?ch=47'),(137,'View CH48 Backup Events','http://192.168.11.5/EventViewer/index.php?ch=48'),(138,'VNC AUDIO NAS Main','vnc.php?ip=192.168.1.6'),(139,'VNC AUDIO NAS Backup','vnc.php?ip=192.168.11.6'),(140,'View All AUDIO NAS Main Events','http://192.168.1.6/EventViewer'),(141,'View All AUDIO NAS Backup Events','http://192.168.11.6/EventViewer'),(142,'View AUDIO Recorder Backup Events','http://192.168.1.6/EventViewer?target=ANAS'),(143,'View AUDIO Recorder Backup Events','http://192.168.11.6/EventViewer=ANAS'),(144,'View NASM1 RAID Controller ','http://192.168.1.13/'),(145,'View NASM2 RAID Controller','http://192.168.1.14/'),(146,'View NASM3 RAID Controller ','http://192.168.1.15/'),(147,'View NASB1 RAID Controller ','http://192.168.11.13/'),(148,'View NASB2 RAID Controller ','http://192.168.11.14/'),(149,'View NASB3 RAID Controller','http://192.168.11.15/'),(150,NULL,NULL);
/*!40000 ALTER TABLE `config_tsp_buttonlist` ENABLE KEYS */;
UNLOCK TABLES;

--
-- Table structure for table `config_tsp_grouplist`
--

DROP TABLE IF EXISTS `config_tsp_grouplist`;
/*!40101 SET @saved_cs_client     = @@character_set_client */;
/*!40101 SET character_set_client = utf8 */;
CREATE TABLE `config_tsp_grouplist` (
  `Grp_ID` int(6) DEFAULT NULL,
  `pos` int(3) DEFAULT NULL,
  `Button_ID` int(9) DEFAULT NULL
) ENGINE=MyISAM DEFAULT CHARSET=utf8;
/*!40101 SET character_set_client = @saved_cs_client */;

--
-- Dumping data for table `config_tsp_grouplist`
--

LOCK TABLES `config_tsp_grouplist` WRITE;
/*!40000 ALTER TABLE `config_tsp_grouplist` DISABLE KEYS */;
INSERT INTO `config_tsp_grouplist` VALUES (153,4,11),(153,3,38),(153,1,89),(152,4,11),(152,3,38),(152,1,88),(151,4,11),(151,3,38),(151,1,87),(150,4,11),(150,3,38),(150,1,86),(149,4,11),(149,3,38),(149,1,85),(148,4,11),(148,3,38),(148,1,84),(147,4,11),(147,3,38),(147,1,83),(146,4,11),(146,3,38),(146,1,82),(145,4,11),(145,3,38),(145,1,81),(144,4,11),(144,3,38),(144,1,80),(143,4,11),(143,3,38),(143,1,79),(142,4,11),(142,3,38),(142,1,78),(141,4,11),(141,3,38),(141,1,77),(140,4,11),(140,3,38),(140,1,76),(139,4,11),(139,3,38),(139,1,75),(138,4,11),(138,3,38),(138,1,74),(137,4,10),(137,3,37),(137,1,73),(136,4,10),(136,3,37),(136,1,72),(135,4,10),(135,3,37),(135,1,71),(134,4,10),(134,3,37),(134,1,70),(133,4,10),(133,3,37),(133,1,69),(132,4,10),(132,3,37),(132,1,68),(131,4,10),(131,3,37),(131,1,67),(130,4,10),(130,3,37),(130,1,66),(129,4,10),(129,3,37),(129,1,65),(128,4,10),(128,3,37),(128,1,64),(127,4,10),(127,3,37),(127,1,63),(126,4,10),(126,3,37),(126,1,62),(125,4,10),(125,3,37),(125,1,61),(124,4,10),(124,3,37),(124,1,60),(123,4,10),(123,3,37),(123,1,59),(122,4,10),(122,3,37),(122,1,58),(121,4,9),(121,3,36),(121,1,57),(120,4,9),(120,3,36),(120,1,56),(119,4,9),(119,3,36),(119,1,55),(118,4,9),(118,3,36),(118,1,54),(117,4,9),(117,3,36),(117,1,53),(116,4,9),(116,3,36),(116,1,52),(115,4,9),(115,3,36),(115,1,51),(114,4,9),(114,3,36),(114,1,50),(113,4,9),(113,3,36),(113,1,49),(112,4,9),(112,3,36),(112,1,48),(111,4,9),(111,3,36),(111,1,47),(110,4,9),(110,3,36),(110,1,46),(109,4,9),(109,3,36),(109,1,45),(108,4,9),(108,3,36),(108,1,44),(107,4,9),(107,3,36),(107,1,43),(106,4,9),(106,3,36),(106,1,42),(105,5,11),(105,3,20),(105,2,137),(105,1,89),(104,5,11),(104,3,20),(104,2,136),(104,1,88),(103,5,11),(103,3,20),(103,2,135),(103,1,87),(102,5,11),(102,3,20),(102,2,134),(102,1,86),(101,5,11),(101,3,20),(101,2,133),(101,1,85),(100,5,11),(100,3,20),(100,2,132),(100,1,84),(99,5,11),(99,3,20),(99,2,131),(99,1,83),(98,5,11),(98,3,20),(98,2,130),(98,1,82),(97,5,11),(97,3,20),(97,2,129),(97,1,81),(96,5,11),(96,3,20),(96,2,128),(96,1,80),(95,5,11),(95,3,20),(95,2,127),(95,1,79),(94,5,11),(94,3,20),(94,2,126),(94,1,78),(93,5,11),(93,3,20),(93,2,125),(93,1,77),(92,5,11),(92,3,20),(92,2,124),(92,1,76),(91,5,11),(91,3,20),(91,2,123),(91,1,75),(90,5,11),(90,3,20),(90,2,122),(90,1,74),(89,5,10),(89,3,19),(89,2,121),(89,1,73),(88,5,10),(88,3,19),(88,2,120),(88,1,72),(87,5,10),(87,3,19),(87,2,119),(87,1,71),(86,5,10),(86,3,19),(86,2,118),(86,1,70),(85,5,10),(85,3,19),(85,2,117),(85,1,69),(84,5,10),(84,3,19),(84,2,116),(84,1,68),(83,5,10),(83,3,19),(83,2,115),(83,1,67),(82,5,10),(82,3,19),(82,2,114),(82,1,66),(81,5,10),(81,3,19),(81,2,113),(81,1,65),(80,5,10),(80,3,19),(80,2,112),(80,1,64),(79,5,10),(79,3,19),(79,2,111),(79,1,63),(78,5,10),(78,3,19),(78,2,110),(78,1,62),(77,5,10),(77,3,19),(77,2,109),(77,1,61),(76,5,10),(76,3,19),(76,2,108),(76,1,60),(75,5,10),(75,3,19),(75,2,107),(75,1,59),(74,5,10),(74,3,19),(74,2,106),(74,1,58),(73,5,9),(73,3,18),(73,2,105),(73,1,57),(72,5,9),(72,3,18),(72,2,104),(72,1,56),(71,5,9),(71,3,18),(71,2,103),(71,1,55),(70,5,9),(70,3,18),(70,2,102),(70,1,54),(69,5,9),(69,3,18),(69,2,101),(69,1,53),(68,5,9),(68,3,18),(68,2,100),(68,1,52),(67,5,9),(67,3,18),(67,2,99),(67,1,51),(66,5,9),(66,3,18),(66,2,98),(66,1,50),(65,5,9),(65,3,18),(65,2,97),(65,1,49),(64,5,9),(64,3,18),(64,2,96),(64,1,48),(63,5,9),(63,3,18),(63,2,95),(63,1,47),(62,5,9),(62,3,18),(62,2,94),(62,1,46),(61,5,9),(61,3,18),(61,2,93),(61,1,45),(60,5,9),(60,3,18),(60,2,92),(60,1,44),(59,5,9),(59,3,18),(59,2,91),(59,1,43),(58,5,9),(58,3,18),(58,2,90),(58,1,42),(57,5,11),(57,3,26),(57,2,137),(57,1,89),(56,5,11),(56,3,26),(56,2,136),(56,1,88),(55,5,11),(55,3,26),(55,2,135),(55,1,87),(54,5,11),(54,3,26),(54,2,134),(54,1,86),(53,5,11),(53,3,26),(53,2,133),(53,1,85),(52,5,11),(52,3,26),(52,2,132),(52,1,84),(51,5,11),(51,3,26),(51,2,131),(51,1,83),(50,5,11),(50,3,26),(50,2,130),(50,1,82),(49,5,11),(49,3,26),(49,2,129),(49,1,81),(48,5,11),(48,3,26),(48,2,128),(48,1,80),(47,5,11),(47,3,26),(47,2,127),(47,1,79),(46,5,11),(46,3,26),(46,2,126),(46,1,78),(45,5,11),(45,3,26),(45,2,125),(45,1,77),(44,5,11),(44,3,26),(44,2,124),(44,1,76),(43,5,11),(43,3,26),(43,2,123),(43,1,75),(42,5,11),(42,3,26),(42,2,122),(42,1,74),(41,5,10),(41,3,25),(41,2,121),(41,1,73),(40,5,10),(40,3,25),(40,2,120),(40,1,72),(39,5,10),(39,3,25),(39,2,119),(39,1,71),(38,5,10),(38,3,25),(38,2,118),(38,1,70),(37,5,10),(37,3,25),(37,2,117),(37,1,69),(36,5,10),(36,3,25),(36,2,116),(36,1,68),(35,5,10),(35,3,25),(35,2,115),(35,1,67),(34,5,10),(34,3,25),(34,2,114),(34,1,66),(33,5,10),(33,3,25),(33,2,113),(33,1,65),(32,5,10),(32,3,25),(32,2,112),(32,1,64),(31,5,10),(31,3,25),(31,2,111),(31,1,63),(30,5,10),(30,3,25),(30,2,110),(30,1,62),(29,5,10),(29,3,25),(29,2,109),(29,1,61),(28,5,10),(28,3,25),(28,2,108),(28,1,60),(27,5,10),(27,3,25),(27,2,107),(27,1,59),(26,5,10),(26,3,25),(26,2,106),(26,1,58),(25,5,9),(25,3,24),(25,2,105),(25,1,57),(24,5,9),(24,3,24),(24,2,104),(24,1,56),(23,5,9),(23,3,24),(23,2,103),(23,1,55),(22,5,9),(22,3,24),(22,2,102),(22,1,54),(21,5,9),(21,3,24),(21,2,101),(21,1,53),(20,5,9),(20,3,24),(20,2,100),(20,1,52),(19,5,9),(19,3,24),(19,2,99),(19,1,51),(18,5,9),(18,3,24),(18,2,98),(18,1,50),(17,5,9),(17,3,24),(17,2,97),(17,1,49),(16,5,9),(16,3,24),(16,2,96),(16,1,48),(15,5,9),(15,3,24),(15,2,95),(15,1,47),(14,5,9),(14,3,24),(14,2,94),(14,1,46),(13,5,9),(13,3,24),(13,2,93),(13,1,45),(12,5,9),(12,3,24),(12,2,92),(12,1,44),(11,5,9),(11,3,24),(11,2,91),(11,1,43),(10,5,9),(10,3,24),(10,2,90),(10,1,42),(9,3,6),(9,2,14),(9,1,35),(8,3,5),(8,2,13),(8,1,34),(7,2,12),(7,1,33),(6,3,3),(6,2,11),(6,1,32),(5,3,2),(5,2,10),(5,1,31),(4,2,9),(4,1,30),(3,2,8),(3,1,17),(2,2,7),(2,1,16),(1,1,15),(0,17,8),(0,16,7),(0,15,6),(0,14,5),(0,13,4),(0,12,3),(0,11,2),(0,10,1),(0,9,17),(0,8,16),(0,7,15),(0,6,14),(0,5,13),(0,4,12),(0,3,11),(0,2,10),(0,1,9),(201,4,14),(201,3,41),(201,2,137),(200,4,14),(200,3,41),(200,2,136),(199,4,14),(199,3,41),(199,2,135),(198,4,14),(198,3,41),(198,2,134),(197,4,14),(197,3,41),(197,2,133),(196,4,14),(196,3,41),(196,2,132),(195,4,14),(195,3,41),(195,2,131),(194,4,14),(194,3,41),(194,2,130),(193,4,14),(193,3,41),(193,2,129),(192,4,14),(192,3,41),(192,2,128),(191,4,14),(191,3,41),(191,2,127),(190,4,14),(190,3,41),(190,2,126),(189,4,14),(189,3,41),(189,2,125),(188,4,14),(188,3,41),(188,2,124),(187,4,14),(187,3,41),(187,2,123),(186,4,14),(186,3,41),(186,2,122),(185,4,13),(185,3,40),(185,2,121),(184,4,13),(184,3,40),(184,2,120),(183,4,13),(183,3,40),(183,2,119),(182,4,13),(182,3,40),(182,2,118),(181,4,13),(181,3,40),(181,2,117),(180,4,13),(180,3,40),(180,2,116),(179,4,13),(179,3,40),(179,2,115),(178,4,13),(178,3,40),(178,2,114),(177,4,13),(177,3,40),(177,2,113),(176,4,13),(176,3,40),(176,2,112),(175,4,13),(175,3,40),(175,2,111),(174,4,13),(174,3,40),(174,2,110),(173,4,13),(173,3,40),(173,2,109),(172,4,13),(172,3,40),(172,2,108),(171,4,13),(171,3,40),(171,2,107),(170,4,13),(170,3,40),(170,2,106),(169,4,12),(169,3,39),(169,2,105),(168,4,12),(168,3,39),(168,2,104),(167,4,12),(167,3,39),(167,2,103),(166,4,12),(166,3,39),(166,2,102),(165,4,12),(165,3,39),(165,2,101),(164,4,12),(164,3,39),(164,2,100),(163,4,12),(163,3,39),(163,2,99),(162,4,12),(162,3,39),(162,2,98),(161,4,12),(161,3,39),(161,2,97),(160,4,12),(160,3,39),(160,2,96),(159,4,12),(159,3,39),(159,2,95),(158,4,12),(158,3,39),(158,2,94),(157,4,12),(157,3,39),(157,2,93),(156,4,12),(156,3,39),(156,2,92),(155,4,12),(155,3,39),(155,2,91),(154,4,12),(154,3,39),(154,2,90),(255,2,143),(255,1,141),(254,2,142),(254,1,140),(253,2,143),(253,1,141),(252,2,142),(252,1,140),(251,2,143),(251,1,141),(251,3,139),(250,2,142),(250,1,140),(250,3,138),(57,4,29),(56,4,29),(55,4,29),(54,4,29),(53,4,29),(52,4,29),(51,4,29),(50,4,29),(49,4,29),(48,4,29),(47,4,29),(46,4,29),(45,4,29),(44,4,29),(43,4,29),(42,4,29),(41,4,28),(40,4,28),(39,4,28),(38,4,28),(37,4,28),(36,4,28),(35,4,28),(34,4,28),(33,4,28),(32,4,28),(31,4,28),(30,4,28),(29,4,28),(28,4,28),(27,4,28),(26,4,28),(25,4,27),(24,4,27),(23,4,27),(22,4,27),(21,4,27),(20,4,27),(19,4,27),(18,4,27),(17,4,27),(16,4,27),(15,4,27),(14,4,27),(13,4,27),(12,4,27),(11,4,27),(10,4,27),(57,6,14),(56,6,14),(55,6,14),(54,6,14),(53,6,14),(52,6,14),(51,6,14),(50,6,14),(49,6,14),(48,6,14),(47,6,14),(46,6,14),(45,6,14),(44,6,14),(43,6,14),(42,6,14),(41,6,13),(40,6,13),(39,6,13),(38,6,13),(37,6,13),(36,6,13),(35,6,13),(34,6,13),(33,6,13),(32,6,13),(31,6,13),(30,6,13),(29,6,13),(28,6,13),(27,6,13),(26,6,13),(25,6,12),(24,6,12),(23,6,12),(22,6,12),(21,6,12),(20,6,12),(19,6,12),(18,6,12),(17,6,12),(16,6,12),(15,6,12),(14,6,12),(13,6,12),(12,6,12),(11,6,12),(10,6,12),(105,4,23),(104,4,23),(103,4,23),(102,4,23),(101,4,23),(100,4,23),(99,4,23),(98,4,23),(97,4,23),(96,4,23),(95,4,23),(94,4,23),(93,4,23),(92,4,23),(91,4,23),(90,4,23),(89,4,22),(88,4,22),(87,4,22),(86,4,22),(85,4,22),(84,4,22),(83,4,22),(82,4,22),(81,4,22),(80,4,22),(79,4,22),(78,4,22),(77,4,22),(76,4,22),(75,4,22),(74,4,22),(73,4,21),(72,4,21),(71,4,21),(70,4,21),(69,4,21),(68,4,21),(67,4,21),(66,4,21),(65,4,21),(64,4,21),(63,4,21),(62,4,21),(61,4,21),(60,4,21),(59,4,21),(58,4,21),(105,6,14),(104,6,14),(103,6,14),(102,6,14),(101,6,14),(100,6,14),(99,6,14),(98,6,14),(97,6,14),(96,6,14),(95,6,14),(94,6,14),(93,6,14),(92,6,14),(91,6,14),(90,6,14),(89,6,13),(88,6,13),(87,6,13),(86,6,13),(85,6,13),(84,6,13),(83,6,13),(82,6,13),(81,6,13),(80,6,13),(79,6,13),(78,6,13),(77,6,13),(76,6,13),(75,6,13),(74,6,13),(73,6,12),(72,6,12),(71,6,12),(70,6,12),(69,6,12),(68,6,12),(67,6,12),(66,6,12),(65,6,12),(64,6,12),(63,6,12),(62,6,12),(61,6,12),(60,6,12),(59,6,12),(58,6,12),(4,4,144),(5,4,145),(6,4,146),(7,4,147),(8,4,148),(9,4,149);
/*!40000 ALTER TABLE `config_tsp_grouplist` ENABLE KEYS */;
UNLOCK TABLES;

--
-- Table structure for table `config_tsp_nodelist`
--

DROP TABLE IF EXISTS `config_tsp_nodelist`;
/*!40101 SET @saved_cs_client     = @@character_set_client */;
/*!40101 SET character_set_client = utf8 */;
CREATE TABLE `config_tsp_nodelist` (
  `IDX` int(11) DEFAULT NULL,
  `Grp_ID` int(11) DEFAULT NULL,
  `Display_ID` int(11) DEFAULT NULL
) ENGINE=MyISAM DEFAULT CHARSET=utf8;
/*!40101 SET character_set_client = @saved_cs_client */;

--
-- Dumping data for table `config_tsp_nodelist`
--

LOCK TABLES `config_tsp_nodelist` WRITE;
/*!40000 ALTER TABLE `config_tsp_nodelist` DISABLE KEYS */;
INSERT INTO `config_tsp_nodelist` VALUES (201,201,201),(200,200,200),(199,199,199),(198,198,198),(197,197,197),(196,196,196),(195,195,195),(194,194,194),(193,193,193),(192,192,192),(191,191,191),(190,190,190),(189,189,189),(188,188,188),(187,187,187),(186,186,186),(185,185,185),(184,184,184),(183,183,183),(182,182,182),(181,181,181),(180,180,180),(179,179,179),(178,178,178),(177,177,177),(176,176,176),(175,175,175),(174,174,174),(173,173,173),(172,172,172),(171,171,171),(170,170,170),(169,169,169),(168,168,168),(167,167,167),(166,166,166),(165,165,165),(164,164,164),(163,163,163),(162,162,162),(161,161,161),(160,160,160),(159,159,159),(158,158,158),(157,157,157),(156,156,156),(155,155,155),(154,154,154),(153,153,153),(152,152,152),(151,151,151),(150,150,150),(149,149,149),(148,148,148),(147,147,147),(146,146,146),(145,145,145),(144,144,144),(143,143,143),(142,142,142),(141,141,141),(140,140,140),(139,139,139),(138,138,138),(137,137,137),(136,136,136),(135,135,135),(134,134,134),(133,133,133),(132,132,132),(131,131,131),(130,130,130),(129,129,129),(128,128,128),(127,127,127),(126,126,126),(125,125,125),(124,124,124),(123,123,123),(122,122,122),(121,121,121),(120,120,120),(119,119,119),(118,118,118),(117,117,117),(116,116,116),(115,115,115),(114,114,114),(113,113,113),(112,112,112),(111,111,111),(110,110,110),(109,109,109),(108,108,108),(107,107,107),(106,106,106),(105,105,105),(104,104,104),(103,103,103),(102,102,102),(101,101,101),(100,100,100),(99,99,99),(98,98,98),(97,97,97),(96,96,96),(95,95,95),(94,94,94),(93,93,93),(92,92,92),(91,91,91),(90,90,90),(89,89,89),(88,88,88),(87,87,87),(86,86,86),(85,85,85),(84,84,84),(83,83,83),(82,82,82),(81,81,81),(80,80,80),(79,79,79),(78,78,78),(77,77,77),(76,76,76),(75,75,75),(74,74,74),(73,73,73),(72,72,72),(71,71,71),(70,70,70),(69,69,69),(68,68,68),(67,67,67),(66,66,66),(65,65,65),(64,64,64),(63,63,63),(62,62,62),(61,61,61),(60,60,60),(59,59,59),(58,58,58),(57,57,57),(56,56,56),(55,55,55),(54,54,54),(53,53,53),(52,52,52),(51,51,51),(50,50,50),(49,49,49),(48,48,48),(47,47,47),(46,46,46),(45,45,45),(44,44,44),(43,43,43),(42,42,42),(41,41,41),(40,40,40),(39,39,39),(38,38,38),(37,37,37),(36,36,36),(35,35,35),(34,34,34),(33,33,33),(32,32,32),(31,31,31),(30,30,30),(29,29,29),(28,28,28),(27,27,27),(26,26,26),(25,25,25),(24,24,24),(23,23,23),(22,22,22),(21,21,21),(20,20,20),(19,19,19),(18,18,18),(17,17,17),(16,16,16),(15,15,15),(14,14,14),(13,13,13),(12,12,12),(11,11,11),(10,10,10),(9,9,9),(8,8,8),(7,7,7),(6,6,6),(5,5,5),(4,4,4),(-2,2,2),(-2,1,1),(0,0,0),(-2,3,3),(-2,250,250),(-2,251,251),(-2,252,252),(-2,253,253),(-2,254,254),(-2,255,255);
/*!40000 ALTER TABLE `config_tsp_nodelist` ENABLE KEYS */;
UNLOCK TABLES;

--
-- Table structure for table `display2`
--

DROP TABLE IF EXISTS `display2`;
/*!40101 SET @saved_cs_client     = @@character_set_client */;
/*!40101 SET character_set_client = utf8 */;
CREATE TABLE `display2` (
  `displayid` int(11) NOT NULL AUTO_INCREMENT,
  `x_pos` int(11) NOT NULL,
  `y_pos` int(11) NOT NULL,
  `width` varchar(255) NOT NULL,
  `height` varchar(255) NOT NULL,
  `textcolour` varchar(255) NOT NULL,
  `bgcolour` varchar(255) NOT NULL,
  `showbackup` int(11) NOT NULL,
  PRIMARY KEY (`displayid`)
) ENGINE=MyISAM AUTO_INCREMENT=323 DEFAULT CHARSET=latin1;
/*!40101 SET character_set_client = @saved_cs_client */;

--
-- Dumping data for table `display2`
--

LOCK TABLES `display2` WRITE;
/*!40000 ALTER TABLE `display2` DISABLE KEYS */;
INSERT INTO `display2` VALUES (19,527,742,'57','61','#000000','2',1),(18,330,393,'64','69','#000000','2',1),(17,743,138,'57','61','#000000','2',1),(16,443,137,'57','61','#000000','2',1),(15,130,392,'65','71','#000000','2',1),(14,1366,742,'57','61','#000000','2',1),(13,420,393,'63','71','#000000','2',1),(12,330,393,'63','70','#000000','2',1),(11,131,393,'63','70','#000000','2',1),(10,46,392,'67','71','#000000','2',1),(9,576,1285,'57','61','#000000','2',0),(8,565,1151,'57','64','#000000','2',0),(7,482,812,'64','75','#000000','2',0),(6,331,1285,'56','64','#000000','2',0),(5,322,1152,'58','63','#000000','2',0),(4,261,811,'65','75','#000000','2',0),(3,846,1152,'132','62','#000000','2',0),(2,983,980,'138','64','#000000','2',0),(1,55,811,'125','75','#000000','2',0),(109,984,399,'57','51','#000000','2',0),(108,901,399,'56','50','#000000','2',0),(107,985,317,'57','51','#000000','2',0),(106,901,317,'58','50','#000000','2',0),(105,1357,872,'58','43','#000000','2',1),(104,1276,872,'58','43','#000000','2',1),(103,1197,872,'58','43','#000000','2',1),(102,1124,871,'58','43','#000000','2',1),(101,1043,871,'58','43','#000000','2',1),(100,963,871,'58','43','#000000','2',1),(99,890,871,'58','43','#000000','2',1),(98,810,871,'58','43','#000000','2',1),(97,730,871,'58','43','#000000','2',1),(96,656,871,'58','43','#000000','2',1),(95,577,871,'58','43','#000000','2',1),(94,496,871,'58','43','#000000','2',1),(93,423,871,'58','43','#000000','2',1),(92,343,872,'58','43','#000000','2',1),(91,263,871,'58','43','#000000','2',1),(90,189,871,'58','43','#000000','2',1),(89,897,46,'58','43','#000000','2',1),(88,594,44,'58','43','#000000','2',1),(87,293,45,'58','43','#000000','2',1),(86,1516,649,'58','43','#000000','2',1),(85,1211,649,'58','43','#000000','2',1),(84,900,650,'58','43','#000000','2',1),(83,597,649,'58','43','#000000','2',1),(82,287,651,'58','43','#000000','2',1),(81,671,43,'58','43','#000000','2',1),(80,368,45,'58','43','#000000','2',1),(79,63,44,'58','43','#000000','2',1),(78,1294,649,'58','43','#000000','2',1),(77,984,647,'58','43','#000000','2',1),(76,677,648,'58','43','#000000','2',1),(75,369,649,'58','43','#000000','2',1),(74,65,650,'58','43','#000000','2',1),(73,819,45,'58','43','#000000','2',1),(72,521,44,'58','43','#000000','2',1),(71,217,45,'58','43','#000000','2',1),(70,1444,650,'58','43','#000000','2',1),(69,1137,648,'58','43','#000000','2',1),(68,829,649,'58','43','#000000','2',1),(67,527,649,'58','43','#000000','2',1),(66,331,282,'63','51','#000000','2',1),(65,747,45,'133','43','#000000','2',1),(64,443,44,'138','43','#000000','2',1),(63,130,281,'65','52','#000000','2',1),(62,1368,649,'134','43','#000000','2',1),(61,419,280,'64','53','#000000','2',1),(60,331,281,'64','52','#000000','2',1),(59,131,281,'66','52','#000000','2',1),(58,48,281,'64','53','#000000','2',1),(57,1357,966,'57','61','#000000','2',1),(56,1277,966,'57','61','#000000','2',1),(55,1196,967,'57','61','#000000','2',1),(54,1123,967,'57','61','#000000','2',1),(53,1044,967,'57','61','#000000','2',1),(52,964,967,'57','61','#000000','2',1),(51,891,966,'57','61','#000000','2',1),(50,810,966,'57','61','#000000','2',1),(49,730,965,'57','61','#000000','2',1),(48,657,966,'57','61','#000000','2',1),(47,577,966,'57','61','#000000','2',1),(46,497,966,'57','61','#000000','2',1),(45,423,966,'57','61','#000000','2',1),(44,343,967,'57','61','#000000','2',1),(43,264,966,'57','61','#000000','2',1),(42,189,966,'57','61','#000000','2',1),(41,898,138,'57','61','#000000','2',1),(40,594,138,'57','61','#000000','2',1),(39,289,138,'57','61','#000000','2',1),(38,1516,741,'57','61','#000000','2',1),(37,1211,742,'57','61','#000000','2',1),(36,900,741,'57','61','#000000','2',1),(35,598,742,'57','61','#000000','2',1),(34,288,742,'57','61','#000000','2',1),(33,670,138,'57','61','#000000','2',1),(32,367,137,'57','61','#000000','2',1),(31,65,137,'57','61','#000000','2',1),(30,1295,743,'57','61','#000000','2',1),(29,983,742,'57','61','#000000','2',1),(28,676,741,'57','61','#000000','2',1),(27,370,741,'57','61','#000000','2',1),(26,65,740,'57','61','#000000','2',1),(25,823,138,'57','61','#000000','2',1),(24,521,137,'57','61','#000000','2',1),(23,220,138,'57','61','#000000','2',1),(22,1445,741,'57','61','#000000','2',1),(21,1137,741,'57','61','#000000','2',1),(20,828,741,'57','61','#000000','2',1),(110,1884,599,'52','43','#000000','2',0),(111,983,316,'60','52','#000000','2',0),(112,1885,742,'52','43','#000000','2',0),(113,1885,813,'52','43','#000000','2',0),(114,901,399,'57','51','#000000','2',0),(115,1962,393,'52','43','#000000','2',0),(116,1962,462,'52','43','#000000','2',0),(117,1963,530,'52','43','#000000','2',0),(118,1962,601,'52','43','#000000','2',0),(119,1964,673,'52','43','#000000','2',0),(120,1962,744,'52','43','#000000','2',0),(121,1962,814,'52','43','#000000','2',0),(122,1884,881,'52','43','#000000','2',0),(123,1958,1060,'52','43','#000000','2',0),(124,1800,1130,'52','43','#000000','2',0),(125,1879,1132,'52','43','#000000','2',0),(126,1959,1131,'52','43','#000000','2',0),(127,1799,1202,'52','43','#000000','2',0),(128,1879,1202,'52','43','#000000','2',0),(129,1959,1201,'52','43','#000000','2',0),(130,1799,1275,'52','43','#000000','2',0),(131,1879,1274,'52','43','#000000','2',0),(132,1959,1275,'52','43','#000000','2',0),(133,1799,1345,'52','43','#000000','2',0),(134,1880,1345,'52','43','#000000','2',0),(135,1959,1345,'52','43','#000000','2',0),(136,1799,562,'52','43','#000000','2',0),(137,1878,562,'52','43','#000000','2',0),(138,1959,562,'52','43','#000000','2',0),(139,1799,633,'52','43','#000000','2',0),(140,1878,632,'52','43','#000000','2',0),(141,1958,633,'52','43','#000000','2',0),(142,1800,706,'52','43','#000000','2',0),(143,1878,704,'52','43','#000000','2',0),(144,1958,704,'52','43','#000000','2',0),(145,1799,775,'52','43','#000000','2',0),(146,1878,776,'52','43','#000000','2',0),(147,1960,775,'52','43','#000000','2',0),(148,1799,847,'52','43','#000000','2',0),(149,1878,847,'52','43','#000000','2',0),(150,1957,847,'52','43','#000000','2',0),(151,1800,917,'52','43','#000000','2',0),(152,1879,918,'52','43','#000000','2',0),(153,1960,919,'52','43','#000000','2',0),(154,1203,315,'59','52','#000000','2',0),(155,1294,315,'58','53','#000000','2',0),(156,1201,399,'60','51','#000000','2',0),(157,1293,398,'58','52','#000000','2',0),(158,2191,420,'52','43','#000000','2',0),(159,1292,315,'59','52','#000000','2',0),(160,2352,420,'52','43','#000000','2',0),(161,2432,420,'52','43','#000000','2',0),(162,1202,399,'58','51','#000000','2',0),(163,2272,490,'52','43','#000000','2',0),(164,2351,490,'52','43','#000000','2',0),(165,2198,989,'52','43','#000000','2',0),(166,2272,989,'52','43','#000000','2',0),(167,2350,989,'52','43','#000000','2',0),(168,2430,989,'52','43','#000000','2',0),(169,2271,1061,'52','43','#000000','2',0),(170,2197,323,'52','43','#000000','2',0),(171,2198,392,'52','43','#000000','2',0),(172,2198,461,'52','43','#000000','2',0),(173,2198,530,'52','43','#000000','2',0),(174,2198,600,'52','43','#000000','2',0),(175,2199,674,'52','43','#000000','2',0),(176,2199,744,'52','43','#000000','2',0),(177,2199,812,'52','43','#000000','2',0),(178,2277,323,'52','43','#000000','2',0),(179,2277,392,'52','43','#000000','2',0),(180,2277,461,'52','43','#000000','2',0),(181,2276,530,'52','43','#000000','2',0),(182,2276,599,'52','43','#000000','2',0),(183,2278,675,'52','43','#000000','2',0),(184,2278,742,'52','43','#000000','2',0),(185,2277,812,'52','43','#000000','2',0),(186,2199,879,'52','43','#000000','2',0),(187,2272,634,'52','43','#000000','2',0),(188,2351,634,'52','43','#000000','2',0),(189,2431,634,'52','43','#000000','2',0),(190,2270,705,'52','43','#000000','2',0),(191,2351,705,'52','43','#000000','2',0),(192,2432,705,'52','43','#000000','2',0),(193,2271,776,'52','43','#000000','2',0),(194,2352,776,'52','43','#000000','2',0),(195,2431,777,'52','43','#000000','2',0),(196,2271,847,'52','43','#000000','2',0),(197,2351,848,'52','43','#000000','2',0),(198,2431,847,'52','43','#000000','2',0),(199,2272,919,'52','43','#000000','2',0),(200,2352,919,'52','43','#000000','2',0),(201,2431,919,'52','43','#000000','2',0),(250,1879,1414,'52','44','#000000','2',0),(251,1958,1415,'54','41','#000000','2',0),(254,2353,1414,'51','42','#000000','2',0),(255,2433,1415,'51','44','#000000','2',0);
/*!40000 ALTER TABLE `display2` ENABLE KEYS */;
UNLOCK TABLES;

--
-- Table structure for table `gcms_coms`
--

DROP TABLE IF EXISTS `gcms_coms`;
/*!40101 SET @saved_cs_client     = @@character_set_client */;
/*!40101 SET character_set_client = utf8 */;
CREATE TABLE `gcms_coms` (
  `id` int(11) NOT NULL AUTO_INCREMENT,
  `name` varchar(255) NOT NULL,
  `about` blob NOT NULL,
  `date` datetime NOT NULL,
  `template` int(11) NOT NULL,
  `folder` varchar(255) NOT NULL,
  PRIMARY KEY (`id`)
) ENGINE=InnoDB AUTO_INCREMENT=7 DEFAULT CHARSET=latin1;
/*!40101 SET character_set_client = @saved_cs_client */;

--
-- Dumping data for table `gcms_coms`
--

LOCK TABLES `gcms_coms` WRITE;
/*!40000 ALTER TABLE `gcms_coms` DISABLE KEYS */;
INSERT INTO `gcms_coms` VALUES (2,'Users','<p>\r\n	test</p>\r\n','2010-06-14 09:08:46',1,'users'),(3,'Pages','<p>\r\n	This is where you can add pages</p>\r\n','0000-00-00 00:00:00',3,'pages'),(4,'Components','<p>\r\n	Can you edit components</p>\r\n','0000-00-00 00:00:00',1,'coms'),(5,'Modules','Updating modules for who they can be used by','0000-00-00 00:00:00',1,'mods'),(6,'blog','<p>\r\n	this is a blog</p>\r\n','0000-00-00 00:00:00',14,'blog');
/*!40000 ALTER TABLE `gcms_coms` ENABLE KEYS */;
UNLOCK TABLES;

--
-- Table structure for table `gcms_pages`
--

DROP TABLE IF EXISTS `gcms_pages`;
/*!40101 SET @saved_cs_client     = @@character_set_client */;
/*!40101 SET character_set_client = utf8 */;
CREATE TABLE `gcms_pages` (
  `id` int(11) NOT NULL AUTO_INCREMENT,
  `name` varchar(255) NOT NULL,
  `page` blob NOT NULL,
  `date` date NOT NULL,
  `published` varchar(1) NOT NULL,
  `template` int(11) NOT NULL,
  `homePage` int(11) NOT NULL,
  PRIMARY KEY (`id`)
) ENGINE=InnoDB AUTO_INCREMENT=13 DEFAULT CHARSET=latin1;
/*!40101 SET character_set_client = @saved_cs_client */;

--
-- Dumping data for table `gcms_pages`
--

LOCK TABLES `gcms_pages` WRITE;
/*!40000 ALTER TABLE `gcms_pages` DISABLE KEYS */;
INSERT INTO `gcms_pages` VALUES (6,'home','<p>\r\n	<span class=\"cloud-text\">You want to concentrate on making your business a success so let Cloud Bookkeeping take away the hassle of the bookkeeping from you. No job is too small, our competitive rates make it sound so sensible that you wonder why you did not consider it before! Whether you are a sole trader, partnership or limited company, you can outsource your bookkeeping to us and get all the relevant reports you or your accountant needs whenever you need them. It?s simple, efficient and cost-effective....<a class=\"cont\" href=\"index.php?com=pages&amp;page=8\"> find out more &gt;&gt;</a></span></p>\r\n','2010-08-31','y',1,1),(9,'Configuration','<!DOCTYPE html PUBLIC \"-//W3C//DTD XHTML 1.0 Strict//EN\" \"http://www.w3.org/TR/xhtml1/DTD/xhtml1-strict.dtd\">\r\n<html>\r\n    <head>\r\n        <title>Estonia Configuration</title>\r\n		<link rel=\"shortcut icon\" href=\"../favicon.ico\" type=\"image/x-icon\"/> \r\n        <link rel=\"stylesheet\" href=\"templates/home/css/style.css\" type=\"text/css\" media=\"screen\"/>\r\n		<script src=\"js/cufon-yui.js\" type=\"text/javascript\"></script>\r\n		<script src=\"js/Bebas_400.font.js\" type=\"text/javascript\"></script>\r\n		<script type=\"text/javascript\">\r\n			Cufon(\'.cn_wrapper h1,h2\', {\r\n				textShadow: \'-1px 1px black\'\r\n			});\r\n		</script>\r\n      \r\n    </head>\r\n    \r\n    <body>\r\n		<h1 class=\"title\">Record & Replay Control Panel</h1>\r\n              <ul>\r\n                    <li><a href=\"index.php?com=pages&page=6\">Dashboard</a></li>\r\n                    <li><a href=\"index.php?com=pages&page=7\">Configuration</a></li>\r\n                    <li><a href=\"index.php?com=pages&page=8\">System</a></li>\r\n                </ul>\r\n\r\n                <?php loadModule(\'config\'); ?>\r\n		\r\n    </body>\r\n</html>','0000-00-00','y',5,1),(11,'systemview','<!DOCTYPE html>\r\n<html>\r\n    \r\n<head>\r\n        <title>Record & Replay Control Panel</title>\r\n        <meta http-equiv=\"Content-Type\" content=\"text/html; charset=UTF-8\"/>\r\n        <link rel=\"stylesheet\" href=\"templates/configuration/css/reset.css\" />\r\n        <link rel=\"stylesheet\" href=\"templates/systemdiagram/css/systemdiagram.php\" />\r\n        <!-- jQuery -->\r\n        <script type=\"text/javascript\" src=\"common_use/js/jquery.min.js\"></script>\r\n        <script type=\"text/javascript\" src=\"common_use/js/jquery.dimensions.js\"></script>\r\n        <script type=\"text/javascript\" src=\"common_use/js/jquery.accordion.js\"></script>\r\n	<script type=\"text/javascript\">\r\n	$(document).ready(function() {\r\n		$(\"#acc1\").accordion({\r\n			alwaysOpen: false,\r\n			autoheight: false,\r\n			header: \'a.acc1\',\r\n			clearStyle: true\r\n		});\r\n		$(\"#acc2\").accordion({\r\n			alwaysOpen: false,\r\n			autoheight: false,\r\n			header: \'a.acc2\',\r\n			clearStyle: true\r\n		});\r\n                \r\n	});\r\n	</script>\r\n    </head>\r\n    <body class=\"black\">\r\n\r\n        <!--\r\n                HEAD\r\n                        -->\r\n           <div id=\"head\">\r\n                 <div id=\"topline\">\r\n                        </div>\r\n        <div id=\"topline2\">\r\n            <img src=\"common_use/img/logo.png\" alt=\"\" class=\"logo\" />\r\n                        </div>\r\n\r\n\r\n           </div>\r\n\r\n        <!--\r\n                SIDEBAR\r\n                         -->\r\n        <div id=\"sidebar\">\r\n            <ul id=\"acc1\">\r\n                <li>\r\n                    <div class=\"ui-accordion-left\"></div>\r\n                    <a class=\"acc2\" href=\"index.html\">\r\n                        Dashboard\r\n                    </a>\r\n                     \r\n                </li>\r\n                <li>\r\n                    <div class=\"ui-accordion-left\"></div>\r\n                     <a class=\"acc1\" href=\"#\">Configuration</a>\r\n                    <div class=\"accordian_text\">\r\n			<a href=\"index.php?com=pages&page=9\"><span style=\"color:#FFF;\">Select Configuration</span></a><br/>\r\n                        <a href=\"index.php?com=pages&page=9?mod=config&type=edit&id=1\"><span style=\"color:#FFF;\">Edit Configuration</span></a><br/>\r\n                        <a href=\"index.php?com=pages&page=9?mod=config&type=addlocation\"><span style=\"color:#FFF;\">Add Location</span></a><br/>\r\n                    </div>   \r\n                </li>\r\n                   <li>\r\n                       <div class=\"ui-accordion-left\"></div>  \r\n                       <a class=\"acc1\" href=\"#\">System</a>\r\n                        <div class=\"accordian_text\">\r\n			<a href=\"#\"><span style=\"color:#FFF;\">Nodes & Devices</span></a><br/>\r\n                        <a href=\"#\"><span style=\"color:#FFF;\">Channels</span></a><br/>\r\n                        <a href=\"#\"><span style=\"color:#FFF;\">Event History</span></a><br/>\r\n                        </div>\r\n                </li>\r\n\r\n            </ul>\r\n\r\n\r\n        </div>\r\n                         \r\n\r\n\r\n\r\n\r\n        <!--\r\n              CONTENT\r\n                        -->\r\n        <div id=\"content\">\r\n<h1>Live System Diagram</h1>\r\n\r\n\r\n<div id=\"contentleft\">\r\n\r\n<!--  TWR SECTION  -->\r\n\r\n<div id=\"TWR\">\r\n\r\n<div id=\"twr1\">\r\n    <p>TWR 1</p>\r\n    <div id=\"_monitors\">\r\n    <div id=\"monitor\">\r\n     <p>ACE</p>\r\n    </div>\r\n     <div id=\"monitor\">\r\n     <p>EC</p>\r\n    </div>\r\n     <div id=\"monitor\">\r\n     <p>DIF</p>\r\n    </div>\r\n     <div id=\"monitor\">\r\n     <p>INF</p>\r\n    </div>\r\n    </div>\r\n\r\n\r\n     <div id=\"moncon_box\">\r\n    <div id=\"moncon\">\r\n    </div>\r\n     </div>\r\n    <div id=\"moncon_box\">\r\n     <div id=\"moncon\">\r\n    </div>\r\n    </div>\r\n    <div id=\"moncon_box\">\r\n     <div id=\"moncon\">\r\n    </div>\r\n    </div>\r\n    <div id=\"moncon_box\">\r\n     <div id=\"moncon\">\r\n    </div>\r\n    </div>\r\n\r\n\r\n\r\n <div id=\"_sentinel\">\r\n    <div id=\"sentinel\">\r\n     <p>S1</p>\r\n    </div>\r\n     <div id=\"sentinel\">\r\n     <p>S2</p>\r\n    </div>\r\n     <div id=\"sentinel\">\r\n     <p>S3</p>\r\n    </div>\r\n     <div id=\"sentinel\">\r\n     <p>S4</p>\r\n    </div>\r\n</div>\r\n\r\n <div id=\"moncon_box\">\r\n     <div id=\"sentcon1\">\r\n    </div>\r\n     <div id=\"sentcon2\">\r\n    </div>\r\n    </div>\r\n    <div id=\"moncon_box\">\r\n     <div id=\"sentcon1\">\r\n    </div>\r\n     <div id=\"sentcon2\">\r\n    </div>\r\n    </div>\r\n    <div id=\"moncon_box\">\r\n     <div id=\"sentcon1\">\r\n    </div>\r\n     <div id=\"sentcon2\">\r\n    </div>\r\n    </div>\r\n    <div id=\"moncon_box\">\r\n     <div id=\"sentcon1\">\r\n    </div>\r\n     <div id=\"sentcon2\">\r\n    </div>\r\n    </div>\r\n\r\n</div>\r\n<div id=\"twr1\">\r\n    <p>TWR 2</p>\r\n        <div id=\"_monitors\">\r\n    <div id=\"monitor\">\r\n     <p>ACE</p>\r\n    </div>\r\n     <div id=\"monitor\">\r\n     <p>EC</p>\r\n    </div>\r\n     <div id=\"monitor\">\r\n     <p>DIF</p>\r\n    </div>\r\n     <div id=\"monitor\">\r\n     <p>INF</p>\r\n    </div>\r\n    </div>\r\n\r\n\r\n     <div id=\"moncon_box\">\r\n    <div id=\"moncon\">\r\n    </div>\r\n     </div>\r\n    <div id=\"moncon_box\">\r\n     <div id=\"moncon\">\r\n    </div>\r\n    </div>\r\n    <div id=\"moncon_box\">\r\n     <div id=\"moncon\">\r\n    </div>\r\n    </div>\r\n    <div id=\"moncon_box\">\r\n     <div id=\"moncon\">\r\n    </div>\r\n    </div>\r\n\r\n\r\n\r\n <div id=\"_sentinel\">\r\n    <div id=\"sentinel\">\r\n     <p>S5</p>\r\n    </div>\r\n     <div id=\"sentinel\">\r\n     <p>S6</p>\r\n    </div>\r\n     <div id=\"sentinel\">\r\n     <p>S7</p>\r\n    </div>\r\n     <div id=\"sentinel\">\r\n     <p>S8</p>\r\n    </div>\r\n</div>\r\n\r\n  <div id=\"moncon_box\">\r\n     <div id=\"sentcon1\">\r\n    </div>\r\n     <div id=\"sentcon2\">\r\n    </div>\r\n    </div>\r\n    <div id=\"moncon_box\">\r\n     <div id=\"sentcon1\">\r\n    </div>\r\n     <div id=\"sentcon2\">\r\n    </div>\r\n    </div>\r\n    <div id=\"moncon_box\">\r\n     <div id=\"sentcon1\">\r\n    </div>\r\n     <div id=\"sentcon2\">\r\n    </div>\r\n    </div>\r\n    <div id=\"moncon_box\">\r\n     <div id=\"sentcon1\">\r\n    </div>\r\n     <div id=\"sentcon2\">\r\n    </div>\r\n    </div>\r\n\r\n\r\n</div>\r\n<div id=\"twr1\">\r\n    <p>TWR 3</p>\r\n        <div id=\"_monitors\">\r\n    <div id=\"monitor\">\r\n     <p>ACE</p>\r\n    </div>\r\n     <div id=\"monitor\">\r\n     <p>EC</p>\r\n    </div>\r\n     <div id=\"monitor\">\r\n     <p>DIF</p>\r\n    </div>\r\n     <div id=\"monitor\">\r\n     <p>INF</p>\r\n    </div>\r\n    </div>\r\n\r\n\r\n     <div id=\"moncon_box\">\r\n    <div id=\"moncon_unused\">\r\n    </div>\r\n     </div>\r\n    <div id=\"moncon_box\">\r\n     <div id=\"moncon\">\r\n    </div>\r\n    </div>\r\n    <div id=\"moncon_box\">\r\n     <div id=\"moncon\">\r\n    </div>\r\n    </div>\r\n    <div id=\"moncon_box\">\r\n     <div id=\"moncon\">\r\n    </div>\r\n    </div>\r\n\r\n\r\n\r\n <div id=\"_sentinel\">\r\n    <div id=\"sentinel_unused\">\r\n     \r\n    </div>\r\n     <div id=\"sentinel\">\r\n     <p>S9</p>\r\n    </div>\r\n     <div id=\"sentinel\">\r\n     <p>S10</p>\r\n    </div>\r\n     <div id=\"sentinel\">\r\n     <p>S11</p>\r\n    </div>\r\n    </div>\r\n\r\n   <div id=\"moncon_box\">\r\n    <div id=\"moncon_unused\">\r\n    </div>\r\n     </div>\r\n    <div id=\"moncon_box\">\r\n     <div id=\"sentcon1\">\r\n    </div>\r\n     <div id=\"sentcon2\">\r\n    </div>\r\n    </div>\r\n    <div id=\"moncon_box\">\r\n     <div id=\"sentcon1\">\r\n    </div>\r\n     <div id=\"sentcon2\">\r\n    </div>\r\n    </div>\r\n    <div id=\"moncon_box\">\r\n     <div id=\"sentcon1\">\r\n    </div>\r\n     <div id=\"sentcon2\">\r\n    </div>\r\n    </div>\r\n\r\n</div>\r\n\r\n<div id=\"MainLANTWR\">\r\n</div>\r\n<div id=\"BackupLANTWR\">\r\n</div>\r\n\r\n</div>\r\n\r\n<!--  Section 2  -->\r\n\r\n<div id=\"section2\">               \r\n    \r\n<div id=\"twr1\">\r\n    <p>S1</p>\r\n    <div id=\"_monitors\">\r\n    <div id=\"monitor\">\r\n     <p>ACE</p>\r\n    </div>\r\n     <div id=\"monitor\">\r\n     <p>EC</p>\r\n    </div>\r\n     <div id=\"monitor\">\r\n     <p>DIF</p>\r\n    </div>\r\n     <div id=\"monitor\">\r\n     <p>INF</p>\r\n    </div>\r\n    </div>\r\n\r\n\r\n     <div id=\"moncon_box\">\r\n    <div id=\"moncon\">\r\n    </div>\r\n     </div>\r\n    <div id=\"moncon_box\">\r\n     <div id=\"moncon\">\r\n    </div>\r\n    </div>\r\n    <div id=\"moncon_box\">\r\n     <div id=\"moncon\">\r\n    </div>\r\n    </div>\r\n    <div id=\"moncon_box\">\r\n     <div id=\"moncon\">\r\n    </div>\r\n    </div>\r\n\r\n\r\n\r\n <div id=\"_sentinel\">\r\n    <div id=\"sentinel\">\r\n     <p>S1</p>\r\n    </div>\r\n     <div id=\"sentinel\">\r\n     <p>S2</p>\r\n    </div>\r\n     <div id=\"sentinel\">\r\n     <p>S3</p>\r\n    </div>\r\n     <div id=\"sentinel\">\r\n     <p>S4</p>\r\n    </div>\r\n</div>\r\n\r\n <div id=\"moncon_box\">\r\n     <div id=\"sentcon1\">\r\n    </div>\r\n     <div id=\"sentcon2\">\r\n    </div>\r\n    </div>\r\n    <div id=\"moncon_box\">\r\n     <div id=\"sentcon1\">\r\n    </div>\r\n     <div id=\"sentcon2\">\r\n    </div>\r\n    </div>\r\n    <div id=\"moncon_box\">\r\n     <div id=\"sentcon1\">\r\n    </div>\r\n     <div id=\"sentcon2\">\r\n    </div>\r\n    </div>\r\n    <div id=\"moncon_box\">\r\n     <div id=\"sentcon1\">\r\n    </div>\r\n     <div id=\"sentcon2\">\r\n    </div>\r\n    </div>\r\n\r\n</div>\r\n<div id=\"sector_3_mon\">\r\n    <p>S2</p>\r\n    <div id=\"_monitors\">\r\n    <div id=\"monitor_sector_3\">\r\n     <p>ACE</p>\r\n    </div>\r\n     <div id=\"monitor_sector_3\">\r\n     <p>EC</p>\r\n    </div>\r\n     <div id=\"monitor_sector_3\">\r\n     <p>DIF</p>\r\n    </div>\r\n    </div>\r\n\r\n\r\n     <div id=\"moncon_box_sector_3\">\r\n    <div id=\"moncon_sector_3\">\r\n    </div>\r\n     </div>\r\n    <div id=\"moncon_box_sector_3\">\r\n     <div id=\"moncon_sector_3\">\r\n    </div>\r\n    </div>\r\n    <div id=\"moncon_box_sector_3\">\r\n     <div id=\"moncon_sector_3\">\r\n    </div>\r\n    </div>\r\n\r\n\r\n\r\n\r\n <div id=\"_sentinel\">\r\n    <div id=\"sentinel_sector_3\">\r\n     <p>S5</p>\r\n    </div>\r\n     <div id=\"sentinel_sector_3\">\r\n     <p>S6</p>\r\n    </div>\r\n     <div id=\"sentinel_sector_3\">\r\n     <p>S7</p>\r\n    </div>\r\n</div>\r\n\r\n  <div id=\"moncon_box_sector_3\">\r\n     <div id=\"sentcon1_sector_3\">\r\n    </div>\r\n     <div id=\"sentcon2_sector_3\">\r\n    </div>\r\n    </div>\r\n    <div id=\"moncon_box_sector_3\">\r\n     <div id=\"sentcon1_sector_3\">\r\n    </div>\r\n     <div id=\"sentcon2_sector_3\">\r\n    </div>\r\n    </div>\r\n    <div id=\"moncon_box_sector_3\">\r\n     <div id=\"sentcon1_sector_3\">\r\n    </div>\r\n     <div id=\"sentcon2_sector_3\">\r\n    </div>\r\n    </div>\r\n\r\n</div>\r\n<div id=\"sector_3_mon\">\r\n    <p>S3</p>\r\n    <div id=\"_monitors\">\r\n    <div id=\"monitor_sector_3\">\r\n     <p>ACE</p>\r\n    </div>\r\n     <div id=\"monitor_sector_3\">\r\n     <p>EC</p>\r\n    </div>\r\n     <div id=\"monitor_sector_3\">\r\n     <p>DIF</p>\r\n    </div>\r\n    </div>\r\n\r\n\r\n     <div id=\"moncon_box_sector_3\">\r\n    <div id=\"moncon_sector_3\">\r\n    </div>\r\n     </div>\r\n    <div id=\"moncon_box_sector_3\">\r\n     <div id=\"moncon_sector_3\">\r\n    </div>\r\n    </div>\r\n    <div id=\"moncon_box_sector_3\">\r\n     <div id=\"moncon_sector_3\">\r\n    </div>\r\n    </div>\r\n\r\n\r\n\r\n\r\n <div id=\"_sentinel\">\r\n    <div id=\"sentinel_sector_3\">\r\n     <p>S5</p>\r\n    </div>\r\n     <div id=\"sentinel_sector_3\">\r\n     <p>S6</p>\r\n    </div>\r\n     <div id=\"sentinel_sector_3\">\r\n     <p>S7</p>\r\n    </div>\r\n</div>\r\n\r\n  <div id=\"moncon_box_sector_3\">\r\n     <div id=\"sentcon1_sector_3\">\r\n    </div>\r\n     <div id=\"sentcon2_sector_3\">\r\n    </div>\r\n    </div>\r\n    <div id=\"moncon_box_sector_3\">\r\n     <div id=\"sentcon1_sector_3\">\r\n    </div>\r\n     <div id=\"sentcon2_sector_3\">\r\n    </div>\r\n    </div>\r\n    <div id=\"moncon_box_sector_3\">\r\n     <div id=\"sentcon1_sector_3\">\r\n    </div>\r\n     <div id=\"sentcon2_sector_3\">\r\n    </div>\r\n    </div>\r\n\r\n</div>\r\n<div id=\"sector_3_mon\">\r\n    <p>S4</p>\r\n    <div id=\"_monitors\">\r\n    <div id=\"monitor_sector_3\">\r\n     <p>ACE</p>\r\n    </div>\r\n     <div id=\"monitor_sector_3\">\r\n     <p>EC</p>\r\n    </div>\r\n     <div id=\"monitor_sector_3\">\r\n     <p>DIF</p>\r\n    </div>\r\n    </div>\r\n\r\n\r\n     <div id=\"moncon_box_sector_3\">\r\n    <div id=\"moncon_sector_3\">\r\n    </div>\r\n     </div>\r\n    <div id=\"moncon_box_sector_3\">\r\n     <div id=\"moncon_sector_3\">\r\n    </div>\r\n    </div>\r\n    <div id=\"moncon_box_sector_3\">\r\n     <div id=\"moncon_sector_3\">\r\n    </div>\r\n    </div>\r\n\r\n\r\n\r\n\r\n <div id=\"_sentinel\">\r\n    <div id=\"sentinel_sector_3\">\r\n     <p>S5</p>\r\n    </div>\r\n     <div id=\"sentinel_sector_3\">\r\n     <p>S6</p>\r\n    </div>\r\n     <div id=\"sentinel_sector_3\">\r\n     <p>S7</p>\r\n    </div>\r\n</div>\r\n\r\n  <div id=\"moncon_box_sector_3\">\r\n     <div id=\"sentcon1_sector_3\">\r\n    </div>\r\n     <div id=\"sentcon2_sector_3\">\r\n    </div>\r\n    </div>\r\n    <div id=\"moncon_box_sector_3\">\r\n     <div id=\"sentcon1_sector_3\">\r\n    </div>\r\n     <div id=\"sentcon2_sector_3\">\r\n    </div>\r\n    </div>\r\n    <div id=\"moncon_box_sector_3\">\r\n     <div id=\"sentcon1_sector_3\">\r\n    </div>\r\n     <div id=\"sentcon2_sector_3\">\r\n    </div>\r\n    </div>\r\n\r\n</div>\r\n<div id=\"sector_3_mon\">\r\n    <p>D1</p>\r\n    <div id=\"_monitors\">\r\n    <div id=\"monitor_sector_3\">\r\n     <p>ACE</p>\r\n    </div>\r\n     <div id=\"monitor_sector_3\">\r\n     <p>EC</p>\r\n    </div>\r\n     <div id=\"monitor_sector_3\">\r\n     <p>DIF</p>\r\n    </div>\r\n    </div>\r\n\r\n\r\n     <div id=\"moncon_box_sector_3\">\r\n    <div id=\"moncon_sector_3\">\r\n    </div>\r\n     </div>\r\n    <div id=\"moncon_box_sector_3\">\r\n     <div id=\"moncon_sector_3\">\r\n    </div>\r\n    </div>\r\n    <div id=\"moncon_box_sector_3\">\r\n     <div id=\"moncon_sector_3\">\r\n    </div>\r\n    </div>\r\n\r\n\r\n\r\n\r\n <div id=\"_sentinel\">\r\n    <div id=\"sentinel_sector_3\">\r\n     <p>S5</p>\r\n    </div>\r\n     <div id=\"sentinel_sector_3\">\r\n     <p>S6</p>\r\n    </div>\r\n     <div id=\"sentinel_sector_3\">\r\n     <p>S7</p>\r\n    </div>\r\n</div>\r\n\r\n  <div id=\"moncon_box_sector_3\">\r\n     <div id=\"sentcon1_sector_3\">\r\n    </div>\r\n     <div id=\"sentcon2_sector_3\">\r\n    </div>\r\n    </div>\r\n    <div id=\"moncon_box_sector_3\">\r\n     <div id=\"sentcon1_sector_3\">\r\n    </div>\r\n     <div id=\"sentcon2_sector_3\">\r\n    </div>\r\n    </div>\r\n    <div id=\"moncon_box_sector_3\">\r\n     <div id=\"sentcon1_sector_3\">\r\n    </div>\r\n     <div id=\"sentcon2_sector_3\">\r\n    </div>\r\n    </div>\r\n\r\n</div>\r\n<div id=\"sector_3_mon\">\r\n    <p>D2</p>\r\n    <div id=\"_monitors\">\r\n    <div id=\"monitor_sector_3\">\r\n     <p>ACE</p>\r\n    </div>\r\n     <div id=\"monitor_sector_3\">\r\n     <p>EC</p>\r\n    </div>\r\n     <div id=\"monitor_sector_3\">\r\n     <p>DIF</p>\r\n    </div>\r\n    </div>\r\n\r\n\r\n     <div id=\"moncon_box_sector_3\">\r\n    <div id=\"moncon_sector_3\">\r\n    </div>\r\n     </div>\r\n    <div id=\"moncon_box_sector_3\">\r\n     <div id=\"moncon_sector_3\">\r\n    </div>\r\n    </div>\r\n    <div id=\"moncon_box_sector_3\">\r\n     <div id=\"moncon_sector_3\">\r\n    </div>\r\n    </div>\r\n\r\n\r\n\r\n\r\n <div id=\"_sentinel\">\r\n    <div id=\"sentinel_sector_3\">\r\n     <p>S5</p>\r\n    </div>\r\n     <div id=\"sentinel_sector_3\">\r\n     <p>S6</p>\r\n    </div>\r\n     <div id=\"sentinel_sector_3\">\r\n     <p>S7</p>\r\n    </div>\r\n</div>\r\n\r\n  <div id=\"moncon_box_sector_3\">\r\n     <div id=\"sentcon1_sector_3\">\r\n    </div>\r\n     <div id=\"sentcon2_sector_3\">\r\n    </div>\r\n    </div>\r\n    <div id=\"moncon_box_sector_3\">\r\n     <div id=\"sentcon1_sector_3\">\r\n    </div>\r\n     <div id=\"sentcon2_sector_3\">\r\n    </div>\r\n    </div>\r\n    <div id=\"moncon_box_sector_3\">\r\n     <div id=\"sentcon1_sector_3\">\r\n    </div>\r\n     <div id=\"sentcon2_sector_3\">\r\n    </div>\r\n    </div>\r\n\r\n</div>\r\n\r\n\r\n<div id=\"MainLANTWR\">\r\n</div>\r\n<div id=\"BackupLANTWR\">\r\n</div>    \r\n    \r\n</div>\r\n\r\n<!--  Section 3  -->\r\n\r\n<div id=\"section3\">\r\n\r\n<div id=\"sector_3_mon\">\r\n    <p>D3</p>\r\n    <div id=\"_monitors\">\r\n    <div id=\"monitor_sector_3\">\r\n     <p>ACE</p>\r\n    </div>\r\n     <div id=\"monitor_sector_3\">\r\n     <p>EC</p>\r\n    </div>\r\n     <div id=\"monitor_sector_3\">\r\n     <p>DIF</p>\r\n    </div>\r\n    </div>\r\n\r\n\r\n     <div id=\"moncon_box_sector_3\">\r\n    <div id=\"moncon_sector_3\">\r\n    </div>\r\n     </div>\r\n    <div id=\"moncon_box_sector_3\">\r\n     <div id=\"moncon_sector_3\">\r\n    </div>\r\n    </div>\r\n    <div id=\"moncon_box_sector_3\">\r\n     <div id=\"moncon_sector_3\">\r\n    </div>\r\n    </div>\r\n\r\n\r\n\r\n\r\n <div id=\"_sentinel\">\r\n    <div id=\"sentinel_sector_3\">\r\n     <p>S5</p>\r\n    </div>\r\n     <div id=\"sentinel_sector_3\">\r\n     <p>S6</p>\r\n    </div>\r\n     <div id=\"sentinel_sector_3\">\r\n     <p>S7</p>\r\n    </div>\r\n</div>\r\n\r\n  <div id=\"moncon_box_sector_3\">\r\n     <div id=\"sentcon1_sector_3\">\r\n    </div>\r\n     <div id=\"sentcon2_sector_3\">\r\n    </div>\r\n    </div>\r\n    <div id=\"moncon_box_sector_3\">\r\n     <div id=\"sentcon1_sector_3\">\r\n    </div>\r\n     <div id=\"sentcon2_sector_3\">\r\n    </div>\r\n    </div>\r\n    <div id=\"moncon_box_sector_3\">\r\n     <div id=\"sentcon1_sector_3\">\r\n    </div>\r\n     <div id=\"sentcon2_sector_3\">\r\n    </div>\r\n    </div>\r\n\r\n</div>\r\n<div id=\"sector_3_mon\">\r\n    <p>D4</p>\r\n    <div id=\"_monitors\">\r\n    <div id=\"monitor_sector_3\">\r\n     <p>ACE</p>\r\n    </div>\r\n     <div id=\"monitor_sector_3\">\r\n     <p>EC</p>\r\n    </div>\r\n     <div id=\"monitor_sector_3\">\r\n     <p>DIF</p>\r\n    </div>\r\n    </div>\r\n\r\n\r\n     <div id=\"moncon_box_sector_3\">\r\n    <div id=\"moncon_sector_3\">\r\n    </div>\r\n     </div>\r\n    <div id=\"moncon_box_sector_3\">\r\n     <div id=\"moncon_sector_3\">\r\n    </div>\r\n    </div>\r\n    <div id=\"moncon_box_sector_3\">\r\n     <div id=\"moncon_sector_3\">\r\n    </div>\r\n    </div>\r\n\r\n\r\n\r\n\r\n <div id=\"_sentinel\">\r\n    <div id=\"sentinel_sector_3\">\r\n     <p>S5</p>\r\n    </div>\r\n     <div id=\"sentinel_sector_3\">\r\n     <p>S6</p>\r\n    </div>\r\n     <div id=\"sentinel_sector_3\">\r\n     <p>S7</p>\r\n    </div>\r\n</div>\r\n\r\n  <div id=\"moncon_box_sector_3\">\r\n     <div id=\"sentcon1_sector_3\">\r\n    </div>\r\n     <div id=\"sentcon2_sector_3\">\r\n    </div>\r\n    </div>\r\n    <div id=\"moncon_box_sector_3\">\r\n     <div id=\"sentcon1_sector_3\">\r\n    </div>\r\n     <div id=\"sentcon2_sector_3\">\r\n    </div>\r\n    </div>\r\n    <div id=\"moncon_box_sector_3\">\r\n     <div id=\"sentcon1_sector_3\">\r\n    </div>\r\n     <div id=\"sentcon2_sector_3\">\r\n    </div>\r\n    </div>\r\n\r\n</div>\r\n<div id=\"sector_3_mon\">\r\n    <p>D5</p>\r\n    <div id=\"_monitors\">\r\n    <div id=\"monitor_sector_3\">\r\n     <p>ACE</p>\r\n    </div>\r\n     <div id=\"monitor_sector_3\">\r\n     <p>EC</p>\r\n    </div>\r\n     <div id=\"monitor_sector_3\">\r\n     <p>DIF</p>\r\n    </div>\r\n    </div>\r\n\r\n\r\n     <div id=\"moncon_box_sector_3\">\r\n    <div id=\"moncon_sector_3\">\r\n    </div>\r\n     </div>\r\n    <div id=\"moncon_box_sector_3\">\r\n     <div id=\"moncon_sector_3\">\r\n    </div>\r\n    </div>\r\n    <div id=\"moncon_box_sector_3\">\r\n     <div id=\"moncon_sector_3\">\r\n    </div>\r\n    </div>\r\n\r\n\r\n\r\n\r\n <div id=\"_sentinel\">\r\n    <div id=\"sentinel_sector_3\">\r\n     <p>S5</p>\r\n    </div>\r\n     <div id=\"sentinel_sector_3\">\r\n     <p>S6</p>\r\n    </div>\r\n     <div id=\"sentinel_sector_3\">\r\n     <p>S7</p>\r\n    </div>\r\n</div>\r\n\r\n  <div id=\"moncon_box_sector_3\">\r\n     <div id=\"sentcon1_sector_3\">\r\n    </div>\r\n     <div id=\"sentcon2_sector_3\">\r\n    </div>\r\n    </div>\r\n    <div id=\"moncon_box_sector_3\">\r\n     <div id=\"sentcon1_sector_3\">\r\n    </div>\r\n     <div id=\"sentcon2_sector_3\">\r\n    </div>\r\n    </div>\r\n    <div id=\"moncon_box_sector_3\">\r\n     <div id=\"sentcon1_sector_3\">\r\n    </div>\r\n     <div id=\"sentcon2_sector_3\">\r\n    </div>\r\n    </div>\r\n\r\n</div>\r\n<div id=\"sector_3_mon\">\r\n    <p>D6</p>\r\n    <div id=\"_monitors\">\r\n    <div id=\"monitor_sector_3\">\r\n     <p>ACE</p>\r\n    </div>\r\n     <div id=\"monitor_sector_3\">\r\n     <p>EC</p>\r\n    </div>\r\n     <div id=\"monitor_sector_3\">\r\n     <p>DIF</p>\r\n    </div>\r\n    </div>\r\n\r\n\r\n     <div id=\"moncon_box_sector_3\">\r\n    <div id=\"moncon_sector_3\">\r\n    </div>\r\n     </div>\r\n    <div id=\"moncon_box_sector_3\">\r\n     <div id=\"moncon_sector_3\">\r\n    </div>\r\n    </div>\r\n    <div id=\"moncon_box_sector_3\">\r\n     <div id=\"moncon_sector_3\">\r\n    </div>\r\n    </div>\r\n\r\n\r\n\r\n\r\n <div id=\"_sentinel\">\r\n    <div id=\"sentinel_sector_3\">\r\n     <p>S5</p>\r\n    </div>\r\n     <div id=\"sentinel_sector_3\">\r\n     <p>S6</p>\r\n    </div>\r\n     <div id=\"sentinel_sector_3\">\r\n     <p>S7</p>\r\n    </div>\r\n</div>\r\n\r\n  <div id=\"moncon_box_sector_3\">\r\n     <div id=\"sentcon1_sector_3\">\r\n    </div>\r\n     <div id=\"sentcon2_sector_3\">\r\n    </div>\r\n    </div>\r\n    <div id=\"moncon_box_sector_3\">\r\n     <div id=\"sentcon1_sector_3\">\r\n    </div>\r\n     <div id=\"sentcon2_sector_3\">\r\n    </div>\r\n    </div>\r\n    <div id=\"moncon_box_sector_3\">\r\n     <div id=\"sentcon1_sector_3\">\r\n    </div>\r\n     <div id=\"sentcon2_sector_3\">\r\n    </div>\r\n    </div>\r\n\r\n</div>\r\n<div id=\"sector_3_mon\">\r\n    <p>D7</p>\r\n    <div id=\"_monitors\">\r\n    <div id=\"monitor_sector_3\">\r\n     <p>ACE</p>\r\n    </div>\r\n     <div id=\"monitor_sector_3\">\r\n     <p>EC</p>\r\n    </div>\r\n     <div id=\"monitor_sector_3\">\r\n     <p>DIF</p>\r\n    </div>\r\n    </div>\r\n\r\n\r\n     <div id=\"moncon_box_sector_3\">\r\n    <div id=\"moncon_sector_3\">\r\n    </div>\r\n     </div>\r\n    <div id=\"moncon_box_sector_3\">\r\n     <div id=\"moncon_sector_3\">\r\n    </div>\r\n    </div>\r\n    <div id=\"moncon_box_sector_3\">\r\n     <div id=\"moncon_sector_3\">\r\n    </div>\r\n    </div>\r\n\r\n\r\n\r\n\r\n <div id=\"_sentinel\">\r\n    <div id=\"sentinel_sector_3\">\r\n     <p>S5</p>\r\n    </div>\r\n     <div id=\"sentinel_sector_3\">\r\n     <p>S6</p>\r\n    </div>\r\n     <div id=\"sentinel_sector_3\">\r\n     <p>S7</p>\r\n    </div>\r\n</div>\r\n\r\n  <div id=\"moncon_box_sector_3\">\r\n     <div id=\"sentcon1_sector_3\">\r\n    </div>\r\n     <div id=\"sentcon2_sector_3\">\r\n    </div>\r\n    </div>\r\n    <div id=\"moncon_box_sector_3\">\r\n     <div id=\"sentcon1_sector_3\">\r\n    </div>\r\n     <div id=\"sentcon2_sector_3\">\r\n    </div>\r\n    </div>\r\n    <div id=\"moncon_box_sector_3\">\r\n     <div id=\"sentcon1_sector_3\">\r\n    </div>\r\n     <div id=\"sentcon2_sector_3\">\r\n    </div>\r\n    </div>\r\n\r\n</div>\r\n<div id=\"sector_3_mon\">\r\n    <p>D8</p>\r\n    <div id=\"_monitors\">\r\n    <div id=\"monitor_sector_3\">\r\n     <p>ACE</p>\r\n    </div>\r\n     <div id=\"monitor_sector_3\">\r\n     <p>EC</p>\r\n    </div>\r\n     <div id=\"monitor_sector_3\">\r\n     <p>DIF</p>\r\n    </div>\r\n    </div>\r\n\r\n\r\n     <div id=\"moncon_box_sector_3\">\r\n    <div id=\"moncon_sector_3\">\r\n    </div>\r\n     </div>\r\n    <div id=\"moncon_box_sector_3\">\r\n     <div id=\"moncon_sector_3\">\r\n    </div>\r\n    </div>\r\n    <div id=\"moncon_box_sector_3\">\r\n     <div id=\"moncon_sector_3\">\r\n    </div>\r\n    </div>\r\n\r\n\r\n\r\n\r\n <div id=\"_sentinel\">\r\n    <div id=\"sentinel_sector_3\">\r\n     <p>S5</p>\r\n    </div>\r\n     <div id=\"sentinel_sector_3\">\r\n     <p>S6</p>\r\n    </div>\r\n     <div id=\"sentinel_sector_3\">\r\n     <p>S7</p>\r\n    </div>\r\n</div>\r\n\r\n  <div id=\"moncon_box_sector_3\">\r\n     <div id=\"sentcon1_sector_3\">\r\n    </div>\r\n     <div id=\"sentcon2_sector_3\">\r\n    </div>\r\n    </div>\r\n    <div id=\"moncon_box_sector_3\">\r\n     <div id=\"sentcon1_sector_3\">\r\n    </div>\r\n     <div id=\"sentcon2_sector_3\">\r\n    </div>\r\n    </div>\r\n    <div id=\"moncon_box_sector_3\">\r\n     <div id=\"sentcon1_sector_3\">\r\n    </div>\r\n     <div id=\"sentcon2_sector_3\">\r\n    </div>\r\n    </div>\r\n\r\n</div>\r\n\r\n\r\n<div id=\"MainLANTWR\">\r\n</div>\r\n<div id=\"BackupLANTWR\">\r\n</div>\r\n\r\n</div>\r\n\r\n\r\n<!--  Section 4  -->\r\n\r\n<div id=\"section4\">\r\n\r\n<div id=\"sector_2\">\r\n    <p>A/R Main</p>\r\n\r\n <div id=\"_sentinel\">\r\n    <div id=\"sentinel_sector_2\">\r\n     <p>R1</p>\r\n    </div>\r\n     <div id=\"sentinel_sector_2\">\r\n     <p>R2</p>\r\n    </div>\r\n</div>\r\n\r\n    <div id=\"moncon_box_sector_2\">\r\n     <div id=\"sentcon1_sector_2\">\r\n    </div>\r\n     <div id=\"sentcon2_sector_2\">\r\n    </div>\r\n    </div>\r\n    <div id=\"moncon_box_sector_2\">\r\n     <div id=\"sentcon1_sector_2\">\r\n    </div>\r\n     <div id=\"sentcon2_sector_2\">\r\n    </div>\r\n    </div>\r\n\r\n\r\n\r\n</div>\r\n\r\n    <div id=\"sector_2\">\r\n    <p>A/R Backup</p>\r\n\r\n <div id=\"_sentinel\">\r\n    <div id=\"sentinel_sector_2\">\r\n     <p>R1</p>\r\n    </div>\r\n     <div id=\"sentinel_sector_2\">\r\n     <p>R2</p>\r\n    </div>\r\n</div>\r\n\r\n    <div id=\"moncon_box_sector_2\">\r\n     <div id=\"sentcon1_sector_2\">\r\n    </div>\r\n     <div id=\"sentcon2_sector_2\">\r\n    </div>\r\n    </div>\r\n    <div id=\"moncon_box_sector_2\">\r\n     <div id=\"sentcon1_sector_2\">\r\n    </div>\r\n     <div id=\"sentcon2_sector_2\">\r\n    </div>\r\n    </div>\r\n\r\n\r\n</div>\r\n\r\n</div>\r\n<div id=\"MainLANTWR\">\r\n</div>\r\n<div id=\"BackupLANTWR\">\r\n</div>\r\n\r\n<!--  Section 5  -->\r\n\r\n<div class=\"clear\"></div>\r\n<div id=\"section5\">\r\n\r\n<div id=\"MainLANTWR2\">\r\n<div id=\"moncon_box_section5\">\r\n     <div id=\"sentcon1_section5\">\r\n    </div>\r\n\r\n    </div>\r\n</div>\r\n<div id=\"BackupLANTWR2\">\r\n     <div id=\"moncon_box_section5_2\">\r\n     <div id=\"sentcon2_section5\">\r\n    </div>\r\n    </div>\r\n</div>\r\n \r\n    \r\n<div class=\"maintitle\">\r\n<p>MAIN</p>\r\n</div>\r\n<div class=\"nastitle\">\r\n<P>NAS</P>\r\n</div>\r\n<div class=\"backuptitle\">\r\n<p>BACKUP</p>\r\n</div>\r\n\r\n<!--  A Table Row  -->\r\n\r\n<div class=\"main\">\r\n\r\n     <div class=\"recorder\">\r\n     <p>ACE</p>\r\n    </div>\r\n     <div class=\"recorder\">\r\n     <p>EC</p>\r\n    </div>\r\n     <div class=\"recorder\">\r\n     <p>DIF</p>\r\n    </div>\r\n     <div class=\"recorder\">\r\n     <p>INF</p>\r\n    </div>\r\n   </div>\r\n    <div class=\"Nas\">\r\n    <p>TWR 1</p>\r\n    </div>\r\n   <div class=\"backup\">\r\n     <div class=\"bkrecorder\">\r\n     <p>ACE</p>\r\n    </div>\r\n     <div class=\"bkrecorder\">\r\n     <p>EC</p>\r\n    </div>\r\n     <div class=\"bkrecorder\">\r\n     <p>DIF</p>\r\n    </div>\r\n     <div class=\"bkrecorder\">\r\n     <p>INF</p>\r\n    </div>\r\n   </div>\r\n\r\n<!--  A Table Row  -->\r\n\r\n<div class=\"main\">\r\n\r\n     <div class=\"recorder\">\r\n     <p>ACE</p>\r\n    </div>\r\n     <div class=\"recorder\">\r\n     <p>EC</p>\r\n    </div>\r\n     <div class=\"recorder\">\r\n     <p>DIF</p>\r\n    </div>\r\n     <div class=\"recorder\">\r\n     <p>INF</p>\r\n    </div>\r\n   </div>\r\n    <div class=\"Nas\">\r\n    <p>TWR 1</p>\r\n    </div>\r\n   <div class=\"backup\">\r\n     <div class=\"bkrecorder\">\r\n     <p>ACE</p>\r\n    </div>\r\n     <div class=\"bkrecorder\">\r\n     <p>EC</p>\r\n    </div>\r\n     <div class=\"bkrecorder\">\r\n     <p>DIF</p>\r\n    </div>\r\n     <div class=\"bkrecorder\">\r\n     <p>INF</p>\r\n    </div>\r\n   </div>\r\n\r\n<!--  A Table Row  -->\r\n\r\n<div class=\"main\">\r\n\r\n     <div class=\"recorder\">\r\n     <p>ACE</p>\r\n    </div>\r\n     <div class=\"recorder\">\r\n     <p>EC</p>\r\n    </div>\r\n     <div class=\"recorder\">\r\n     <p>DIF</p>\r\n    </div>\r\n     <div class=\"recorder\">\r\n     <p>INF</p>\r\n    </div>\r\n   </div>\r\n    <div class=\"Nas\">\r\n    <p>TWR 1</p>\r\n    </div>\r\n   <div class=\"backup\">\r\n     <div class=\"bkrecorder\">\r\n     <p>ACE</p>\r\n    </div>\r\n     <div class=\"bkrecorder\">\r\n     <p>EC</p>\r\n    </div>\r\n     <div class=\"bkrecorder\">\r\n     <p>DIF</p>\r\n    </div>\r\n     <div class=\"bkrecorder\">\r\n     <p>INF</p>\r\n    </div>\r\n   </div>\r\n\r\n<!--  A Table Row  -->\r\n\r\n<div class=\"main\">\r\n\r\n     <div class=\"recorder\">\r\n     <p>ACE</p>\r\n    </div>\r\n     <div class=\"recorder\">\r\n     <p>EC</p>\r\n    </div>\r\n     <div class=\"recorder\">\r\n     <p>DIF</p>\r\n    </div>\r\n     <div class=\"recorder\">\r\n     <p>INF</p>\r\n    </div>\r\n   </div>\r\n    <div class=\"Nas\">\r\n    <p>TWR 1</p>\r\n    </div>\r\n   <div class=\"backup\">\r\n     <div class=\"bkrecorder\">\r\n     <p>ACE</p>\r\n    </div>\r\n     <div class=\"bkrecorder\">\r\n     <p>EC</p>\r\n    </div>\r\n     <div class=\"bkrecorder\">\r\n     <p>DIF</p>\r\n    </div>\r\n     <div class=\"bkrecorder\">\r\n     <p>INF</p>\r\n    </div>\r\n   </div>\r\n\r\n<!--  A Table Row  -->\r\n\r\n<div class=\"main\">\r\n\r\n     <div class=\"recorder\">\r\n     <p>ACE</p>\r\n    </div>\r\n     <div class=\"recorder\">\r\n     <p>EC</p>\r\n    </div>\r\n     <div class=\"recorder\">\r\n     <p>DIF</p>\r\n    </div>\r\n     <div class=\"recorder\">\r\n     <p>INF</p>\r\n    </div>\r\n   </div>\r\n    <div class=\"Nas\">\r\n    <p>TWR 1</p>\r\n    </div>\r\n   <div class=\"backup\">\r\n     <div class=\"bkrecorder\">\r\n     <p>ACE</p>\r\n    </div>\r\n     <div class=\"bkrecorder\">\r\n     <p>EC</p>\r\n    </div>\r\n     <div class=\"bkrecorder\">\r\n     <p>DIF</p>\r\n    </div>\r\n     <div class=\"bkrecorder\">\r\n     <p>INF</p>\r\n    </div>\r\n   </div>\r\n\r\n<!--  A Table Row  -->\r\n\r\n<div class=\"main\">\r\n\r\n     <div class=\"recorder\">\r\n     <p>ACE</p>\r\n    </div>\r\n     <div class=\"recorder\">\r\n     <p>EC</p>\r\n    </div>\r\n     <div class=\"recorder\">\r\n     <p>DIF</p>\r\n    </div>\r\n     <div class=\"recorder\">\r\n     <p>INF</p>\r\n    </div>\r\n   </div>\r\n    <div class=\"Nas\">\r\n    <p>TWR 1</p>\r\n    </div>\r\n   <div class=\"backup\">\r\n     <div class=\"bkrecorder\">\r\n     <p>ACE</p>\r\n    </div>\r\n     <div class=\"bkrecorder\">\r\n     <p>EC</p>\r\n    </div>\r\n     <div class=\"bkrecorder\">\r\n     <p>DIF</p>\r\n    </div>\r\n     <div class=\"bkrecorder\">\r\n     <p>INF</p>\r\n    </div>\r\n   </div>\r\n\r\n<!--  A Table Row  -->\r\n\r\n<div class=\"main\">\r\n\r\n     <div class=\"recorder\">\r\n     <p>ACE</p>\r\n    </div>\r\n     <div class=\"recorder\">\r\n     <p>EC</p>\r\n    </div>\r\n     <div class=\"recorder\">\r\n     <p>DIF</p>\r\n    </div>\r\n     <div class=\"recorder\">\r\n     <p>INF</p>\r\n    </div>\r\n   </div>\r\n    <div class=\"Nas\">\r\n    <p>TWR 1</p>\r\n    </div>\r\n   <div class=\"backup\">\r\n     <div class=\"bkrecorder\">\r\n     <p>ACE</p>\r\n    </div>\r\n     <div class=\"bkrecorder\">\r\n     <p>EC</p>\r\n    </div>\r\n     <div class=\"bkrecorder\">\r\n     <p>DIF</p>\r\n    </div>\r\n     <div class=\"bkrecorder\">\r\n     <p>INF</p>\r\n    </div>\r\n   </div>\r\n\r\n<!--  A Table Row  -->\r\n\r\n<div class=\"main\">\r\n\r\n     <div class=\"recorder\">\r\n     <p>ACE</p>\r\n    </div>\r\n     <div class=\"recorder\">\r\n     <p>EC</p>\r\n    </div>\r\n     <div class=\"recorder\">\r\n     <p>DIF</p>\r\n    </div>\r\n     <div class=\"recorder\">\r\n     <p>INF</p>\r\n    </div>\r\n   </div>\r\n    <div class=\"Nas\">\r\n    <p>TWR 1</p>\r\n    </div>\r\n   <div class=\"backup\">\r\n     <div class=\"bkrecorder\">\r\n     <p>ACE</p>\r\n    </div>\r\n     <div class=\"bkrecorder\">\r\n     <p>EC</p>\r\n    </div>\r\n     <div class=\"bkrecorder\">\r\n     <p>DIF</p>\r\n    </div>\r\n     <div class=\"bkrecorder\">\r\n     <p>INF</p>\r\n    </div>\r\n   </div>\r\n\r\n<!--  A Table Row  -->\r\n\r\n<div class=\"main\">\r\n\r\n     <div class=\"recorder\">\r\n     <p>ACE</p>\r\n    </div>\r\n     <div class=\"recorder\">\r\n     <p>EC</p>\r\n    </div>\r\n     <div class=\"recorder\">\r\n     <p>DIF</p>\r\n    </div>\r\n     <div class=\"recorder\">\r\n     <p>INF</p>\r\n    </div>\r\n   </div>\r\n    <div class=\"Nas\">\r\n    <p>TWR 1</p>\r\n    </div>\r\n   <div class=\"backup\">\r\n     <div class=\"bkrecorder\">\r\n     <p>ACE</p>\r\n    </div>\r\n     <div class=\"bkrecorder\">\r\n     <p>EC</p>\r\n    </div>\r\n     <div class=\"bkrecorder\">\r\n     <p>DIF</p>\r\n    </div>\r\n     <div class=\"bkrecorder\">\r\n     <p>INF</p>\r\n    </div>\r\n   </div>\r\n\r\n<!--  A Table Row  -->\r\n\r\n<div class=\"main\">\r\n\r\n     <div class=\"recorder\">\r\n     <p>ACE</p>\r\n    </div>\r\n     <div class=\"recorder\">\r\n     <p>EC</p>\r\n    </div>\r\n     <div class=\"recorder\">\r\n     <p>DIF</p>\r\n    </div>\r\n     <div class=\"recorder\">\r\n     <p>INF</p>\r\n    </div>\r\n   </div>\r\n    <div class=\"Nas\">\r\n    <p>TWR 1</p>\r\n    </div>\r\n   <div class=\"backup\">\r\n     <div class=\"bkrecorder\">\r\n     <p>ACE</p>\r\n    </div>\r\n     <div class=\"bkrecorder\">\r\n     <p>EC</p>\r\n    </div>\r\n     <div class=\"bkrecorder\">\r\n     <p>DIF</p>\r\n    </div>\r\n     <div class=\"bkrecorder\">\r\n     <p>INF</p>\r\n    </div>\r\n   </div>\r\n\r\n<!--  A Table Row  -->\r\n\r\n<div class=\"main\">\r\n\r\n     <div class=\"recorder\">\r\n     <p>ACE</p>\r\n    </div>\r\n     <div class=\"recorder\">\r\n     <p>EC</p>\r\n    </div>\r\n     <div class=\"recorder\">\r\n     <p>DIF</p>\r\n    </div>\r\n     <div class=\"recorder\">\r\n     <p>INF</p>\r\n    </div>\r\n   </div>\r\n    <div class=\"Nas\">\r\n    <p>TWR 1</p>\r\n    </div>\r\n   <div class=\"backup\">\r\n     <div class=\"bkrecorder\">\r\n     <p>ACE</p>\r\n    </div>\r\n     <div class=\"bkrecorder\">\r\n     <p>EC</p>\r\n    </div>\r\n     <div class=\"bkrecorder\">\r\n     <p>DIF</p>\r\n    </div>\r\n     <div class=\"bkrecorder\">\r\n     <p>INF</p>\r\n    </div>\r\n   </div>\r\n\r\n<!--  A Table Row  -->\r\n\r\n<div class=\"main\">\r\n\r\n     <div class=\"recorder\">\r\n     <p>ACE</p>\r\n    </div>\r\n     <div class=\"recorder\">\r\n     <p>EC</p>\r\n    </div>\r\n     <div class=\"recorder\">\r\n     <p>DIF</p>\r\n    </div>\r\n     <div class=\"recorder\">\r\n     <p>INF</p>\r\n    </div>\r\n   </div>\r\n    <div class=\"Nas\">\r\n    <p>TWR 1</p>\r\n    </div>\r\n   <div class=\"backup\">\r\n     <div class=\"bkrecorder\">\r\n     <p>ACE</p>\r\n    </div>\r\n     <div class=\"bkrecorder\">\r\n     <p>EC</p>\r\n    </div>\r\n     <div class=\"bkrecorder\">\r\n     <p>DIF</p>\r\n    </div>\r\n     <div class=\"bkrecorder\">\r\n     <p>INF</p>\r\n    </div>\r\n   </div>\r\n\r\n<!--  A Table Row  -->\r\n\r\n<div class=\"main\">\r\n\r\n     <div class=\"recorder\">\r\n     <p>ACE</p>\r\n    </div>\r\n     <div class=\"recorder\">\r\n     <p>EC</p>\r\n    </div>\r\n     <div class=\"recorder\">\r\n     <p>DIF</p>\r\n    </div>\r\n     <div class=\"recorder\">\r\n     <p>INF</p>\r\n    </div>\r\n   </div>\r\n    <div class=\"Nas\">\r\n    <p>TWR 1</p>\r\n    </div>\r\n   <div class=\"backup\">\r\n     <div class=\"bkrecorder\">\r\n     <p>ACE</p>\r\n    </div>\r\n     <div class=\"bkrecorder\">\r\n     <p>EC</p>\r\n    </div>\r\n     <div class=\"bkrecorder\">\r\n     <p>DIF</p>\r\n    </div>\r\n     <div class=\"bkrecorder\">\r\n     <p>INF</p>\r\n    </div>\r\n   </div>\r\n\r\n<!--  A Table Row  -->\r\n\r\n<div class=\"main\">\r\n\r\n     <div class=\"recorder\">\r\n     <p>ACE</p>\r\n    </div>\r\n     <div class=\"recorder\">\r\n     <p>EC</p>\r\n    </div>\r\n     <div class=\"recorder\">\r\n     <p>DIF</p>\r\n    </div>\r\n     <div class=\"recorder\">\r\n     <p>INF</p>\r\n    </div>\r\n   </div>\r\n    <div class=\"Nas\">\r\n    <p>TWR 1</p>\r\n    </div>\r\n   <div class=\"backup\">\r\n     <div class=\"bkrecorder\">\r\n     <p>ACE</p>\r\n    </div>\r\n     <div class=\"bkrecorder\">\r\n     <p>EC</p>\r\n    </div>\r\n     <div class=\"bkrecorder\">\r\n     <p>DIF</p>\r\n    </div>\r\n     <div class=\"bkrecorder\">\r\n     <p>INF</p>\r\n    </div>\r\n   </div>\r\n\r\n<!--  A Table Row  -->\r\n\r\n<div class=\"main\">\r\n\r\n     <div class=\"recorder\">\r\n     <p>ACE</p>\r\n    </div>\r\n     <div class=\"recorder\">\r\n     <p>EC</p>\r\n    </div>\r\n     <div class=\"recorder\">\r\n     <p>DIF</p>\r\n    </div>\r\n     <div class=\"recorder\">\r\n     <p>INF</p>\r\n    </div>\r\n   </div>\r\n    <div class=\"Nas\">\r\n    <p>TWR 1</p>\r\n    </div>\r\n   <div class=\"backup\">\r\n     <div class=\"bkrecorder\">\r\n     <p>ACE</p>\r\n    </div>\r\n     <div class=\"bkrecorder\">\r\n     <p>EC</p>\r\n    </div>\r\n     <div class=\"bkrecorder\">\r\n     <p>DIF</p>\r\n    </div>\r\n     <div class=\"bkrecorder\">\r\n     <p>INF</p>\r\n    </div>\r\n   </div>\r\n\r\n<!--  A Table Row  -->\r\n\r\n<div class=\"main\">\r\n\r\n     <div class=\"recorder\">\r\n     <p>ACE</p>\r\n    </div>\r\n     <div class=\"recorder\">\r\n     <p>EC</p>\r\n    </div>\r\n     <div class=\"recorder\">\r\n     <p>DIF</p>\r\n    </div>\r\n     <div class=\"recorder\">\r\n     <p>INF</p>\r\n    </div>\r\n   </div>\r\n    <div class=\"Nas\">\r\n    <p>TWR 1</p>\r\n    </div>\r\n   <div class=\"backup\">\r\n     <div class=\"bkrecorder\">\r\n     <p>ACE</p>\r\n    </div>\r\n     <div class=\"bkrecorder\">\r\n     <p>EC</p>\r\n    </div>\r\n     <div class=\"bkrecorder\">\r\n     <p>DIF</p>\r\n    </div>\r\n     <div class=\"bkrecorder\">\r\n     <p>INF</p>\r\n    </div>\r\n   </div>\r\n\r\n<!--  A Table Row  -->\r\n\r\n<div class=\"main\">\r\n\r\n     <div class=\"recorder\">\r\n     <p>ACE</p>\r\n    </div>\r\n     <div class=\"recorder\">\r\n     <p>EC</p>\r\n    </div>\r\n     <div class=\"recorder\">\r\n     <p>DIF</p>\r\n    </div>\r\n     <div class=\"recorder\">\r\n     <p>INF</p>\r\n    </div>\r\n   </div>\r\n    <div class=\"Nas\">\r\n    <p>TWR 1</p>\r\n    </div>\r\n   <div class=\"backup\">\r\n     <div class=\"bkrecorder\">\r\n     <p>ACE</p>\r\n    </div>\r\n     <div class=\"bkrecorder\">\r\n     <p>EC</p>\r\n    </div>\r\n     <div class=\"bkrecorder\">\r\n     <p>DIF</p>\r\n    </div>\r\n     <div class=\"bkrecorder\">\r\n     <p>INF</p>\r\n    </div>\r\n   </div>\r\n\r\n\r\n\r\n\r\n\r\n\r\n</div>\r\n\r\n\r\n\r\n\r\n\r\n\r\n</div>\r\n<div id=\"contentright\">\r\n        <div id=\"BackupLAN\">\r\n\r\n        </div>\r\n        <div id=\"MainLAN\">\r\n        </div>\r\n\r\n        \r\n</div>\r\n\r\n\r\n    </body>\r\n\r\n</html>','0000-00-00','y',7,1),(12,'backendsystemview','<?php\r\n\r\n\r\ninclude (\'templates/systemview/config.php\');\r\n\r\n?>\r\n\r\n<!DOCTYPE html>\r\n<html>\r\n    \r\n<head>\r\n        <title>Record & Replay Control Panel</title>\r\n        <meta http-equiv=\"Content-Type\" content=\"text/html; charset=UTF-8\"/>\r\n        <link rel=\"stylesheet\" href=\"templates/configuration/css/reset.css\" />\r\n        <link rel=\"stylesheet\" href=\"templates/systemview/css/systemdiagram.css\" />\r\n        <link class=\"jsbin\" href=\"http://ajax.googleapis.com/ajax/libs/jqueryui/1/themes/base/jquery-ui.css\" rel=\"stylesheet\" type=\"text/css\" />\r\n        <!-- jQuery -->\r\n        <script type=\"text/javascript\" src=\"common_use/js/jquery-1.3.2.min.js\"></script>\r\n        <script type=\"text/javascript\" src=\"common_use/js/jquery.min.js\"></script>\r\n        <script class=\"jsbin\" src=\"common_use/js/jquery.json-2.2.min.js\"></script>\r\n        <script class=\"jsbin\" src=\"http://ajax.googleapis.com/ajax/libs/jqueryui/1.8.9/jquery-ui.min.js\"></script>\r\n    </head>\r\n<body>\r\n\r\n<div id=\"wrapper\">\r\n\r\n<div id=\"content\">\r\n\r\n\r\n<?php\r\n\r\n		$get_coords = mysqli_query($link, \"SELECT * FROM coords where id=\'1\'\");\r\n		while($row = mysqli_fetch_array($get_coords)) {\r\n			$x = $row[\'x_pos\'];\r\n			$y = $row[\'y_pos\'];\r\n\r\n			echo \'<div id=\"element\" style=\"left:\'.$x.\'px; top:\'.$y.\'px;\"><img src=\"\" alt=\"Nettuts+\" />Move the Box<p></p></div>\';\r\n		}\r\n\r\n\r\n?>\r\n\r\n</div>\r\n\r\n\r\n<div id=\"respond\"></div>\r\n\r\n\r\n</div>\r\n\r\n\r\n    </body>\r\n\r\n<script type=\"text/javascript\">\r\n	$(document).ready(function() {\r\n		$(\"#element\").draggable({\r\n				containment: \'#content\',\r\n				scroll: false\r\n		 }).mousemove(function(){\r\n						var coord = $(this).position();\r\n						$(\"p:last\").text( \"left: \" + coord.left + \", top: \" + coord.top );\r\n		 }).mouseup(function(){\r\n				var coords=[];\r\n				var coord = $(this).position();\r\n				var item={ coordTop:  coord.left, coordLeft: coord.top  };\r\n			   	coords.push(item);\r\n				var order = { coords: coords };\r\n				$.post(\'templates/systemview/updatecoords.php\', \'data=\'+$.toJSON(order), function(response){\r\n						if(response == \"success\")\r\n							$(\"#respond\").html(\'<div class=\"success\">X and Y Coordinates Saved!</div>\').hide().fadeIn(1000);\r\n							setTimeout(function(){ $(\'#respond\').fadeOut(1000); }, 2000);\r\n						});\r\n				});\r\n\r\n		});\r\n\r\n</script>\r\n\r\n</html>','0000-00-00','y',8,1);
/*!40000 ALTER TABLE `gcms_pages` ENABLE KEYS */;
UNLOCK TABLES;

--
-- Table structure for table `gcms_settings`
--

DROP TABLE IF EXISTS `gcms_settings`;
/*!40101 SET @saved_cs_client     = @@character_set_client */;
/*!40101 SET character_set_client = utf8 */;
CREATE TABLE `gcms_settings` (
  `id` int(11) NOT NULL AUTO_INCREMENT,
  `email` varchar(255) NOT NULL,
  `component` int(11) NOT NULL,
  `live` varchar(1) NOT NULL,
  PRIMARY KEY (`id`)
) ENGINE=InnoDB AUTO_INCREMENT=2 DEFAULT CHARSET=latin1;
/*!40101 SET character_set_client = @saved_cs_client */;

--
-- Dumping data for table `gcms_settings`
--

LOCK TABLES `gcms_settings` WRITE;
/*!40000 ALTER TABLE `gcms_settings` DISABLE KEYS */;
INSERT INTO `gcms_settings` VALUES (1,'joe.dempsey@thruput.co.uk',3,'y');
/*!40000 ALTER TABLE `gcms_settings` ENABLE KEYS */;
UNLOCK TABLES;

--
-- Table structure for table `gcms_templates`
--

DROP TABLE IF EXISTS `gcms_templates`;
/*!40101 SET @saved_cs_client     = @@character_set_client */;
/*!40101 SET character_set_client = utf8 */;
CREATE TABLE `gcms_templates` (
  `id` int(11) NOT NULL AUTO_INCREMENT,
  `name` varchar(255) NOT NULL,
  `published` varchar(1) NOT NULL,
  `description` blob NOT NULL,
  `folder` varchar(255) NOT NULL,
  PRIMARY KEY (`id`)
) ENGINE=InnoDB AUTO_INCREMENT=9 DEFAULT CHARSET=latin1;
/*!40101 SET character_set_client = @saved_cs_client */;

--
-- Dumping data for table `gcms_templates`
--

LOCK TABLES `gcms_templates` WRITE;
/*!40000 ALTER TABLE `gcms_templates` DISABLE KEYS */;
INSERT INTO `gcms_templates` VALUES (1,'Home','y','','systemview'),(5,'Configuration','y','','Configuration'),(7,'systemview','y','','systemview'),(8,'backendsystemview','y','','backendsystemview');
/*!40000 ALTER TABLE `gcms_templates` ENABLE KEYS */;
UNLOCK TABLES;

--
-- Table structure for table `node_list`
--

DROP TABLE IF EXISTS `node_list`;
/*!40101 SET @saved_cs_client     = @@character_set_client */;
/*!40101 SET character_set_client = utf8 */;
CREATE TABLE `node_list` (
  `IDX` int(11) NOT NULL,
  `Channel` varchar(20) NOT NULL DEFAULT '-1',
  `Display_ID` int(11) NOT NULL,
  `screen_name` varchar(7) NOT NULL,
  `hw_src` int(11) NOT NULL,
  `Name` varchar(20) NOT NULL
) ENGINE=MyISAM DEFAULT CHARSET=latin1;
/*!40101 SET character_set_client = @saved_cs_client */;

--
-- Dumping data for table `node_list`
--

LOCK TABLES `node_list` WRITE;
/*!40000 ALTER TABLE `node_list` DISABLE KEYS */;
INSERT INTO `node_list` VALUES (157,'4B',157,'R',7,'NASB1_I'),(156,'3B',156,'L',7,'NASB1_H'),(155,'2B',155,'R',7,'NASB1_G'),(154,'1B',154,'L',7,'NASB1_F'),(109,'4M',109,'R',4,'NASM1_I'),(108,'3M',108,'L',4,'NASM1_H'),(107,'2M',107,'R',4,'NASM1_G'),(106,'1M',106,'L',4,'NASM1_F'),(61,'4M',61,'R',4,'MON_CH4'),(61,'4B',61,'R',7,'MON_CH4'),(60,'3M',60,'L',4,'MON_CH3'),(60,'3B',60,'L',7,'MON_CH3'),(59,'2M',59,'R',4,'MON_CH2'),(59,'2B',59,'R',7,'MON_CH2'),(58,'1M',58,'L',4,'MON_CH1'),(58,'1B',58,'L',7,'MON_CH1'),(13,'4M',13,'S 4',4,'FRC_CH4'),(13,'4B',13,'S 4',7,'FRC_CH4'),(12,'3M',12,'S 3',4,'FRC_CH3'),(12,'3B',12,'S 3',7,'FRC_CH3'),(11,'2M',11,'S 2',4,'FRC_CH2'),(11,'2B',11,'S 2',7,'FRC_CH2'),(10,'1M',10,'S 1',4,'FRC_CH1'),(10,'1B',10,'S 1',7,'FRC_CH1'),(7,'',7,'N 2',7,'NASB1'),(4,'',4,'N 1',4,'NASM1');
/*!40000 ALTER TABLE `node_list` ENABLE KEYS */;
UNLOCK TABLES;

--
-- Table structure for table `site_config`
--

DROP TABLE IF EXISTS `site_config`;
/*!40101 SET @saved_cs_client     = @@character_set_client */;
/*!40101 SET character_set_client = utf8 */;
CREATE TABLE `site_config` (
  `id` int(11) NOT NULL AUTO_INCREMENT,
  `site` varchar(255) DEFAULT NULL,
  `bg_width` int(11) NOT NULL,
  `bg_height` int(11) NOT NULL,
  `sound` int(11) NOT NULL,
  `Ack_alarms_x_pos` int(11) NOT NULL,
  `Ack_alarms_y_pos` int(11) NOT NULL,
  PRIMARY KEY (`id`)
) ENGINE=InnoDB AUTO_INCREMENT=2 DEFAULT CHARSET=latin1;
/*!40101 SET character_set_client = @saved_cs_client */;

--
-- Dumping data for table `site_config`
--

LOCK TABLES `site_config` WRITE;
/*!40000 ALTER TABLE `site_config` DISABLE KEYS */;
INSERT INTO `site_config` VALUES (1,'IAA',1407,1057,1,70,20);
/*!40000 ALTER TABLE `site_config` ENABLE KEYS */;
UNLOCK TABLES;

--
-- Temporary table structure for view `test_view`
--

DROP TABLE IF EXISTS `test_view`;
/*!50001 DROP VIEW IF EXISTS `test_view`*/;
SET @saved_cs_client     = @@character_set_client;
SET character_set_client = utf8;
/*!50001 CREATE TABLE `test_view` (
  `nodeID` int(11),
  `node_colour_id` varchar(1),
  `screen_name` varchar(7),
  `Channels` text,
  `INFO` varchar(341),
  `WARN` varchar(341),
  `ERROR` varchar(341),
  `Description` text,
  `x_pos` int(11),
  `y_pos` int(11),
  `width` varchar(255),
  `height` varchar(255),
  `textcolour` varchar(255),
  `basecolour` varchar(45),
  `nodecolour1` varchar(45),
  `class` varchar(45)
) ENGINE=MyISAM */;
SET character_set_client = @saved_cs_client;

--
-- Temporary table structure for view `tsp_display`
--

DROP TABLE IF EXISTS `tsp_display`;
/*!50001 DROP VIEW IF EXISTS `tsp_display`*/;
SET @saved_cs_client     = @@character_set_client;
SET character_set_client = utf8;
/*!50001 CREATE TABLE `tsp_display` (
  `NodeID` int(11),
  `Channel` varchar(20),
  `screen_name` varchar(7),
  `Name` varchar(20),
  `hw_src` varchar(255),
  `INFO` int(11),
  `WARN` int(11),
  `ERROR` int(11),
  `Description` varchar(268),
  `lastUpdate` timestamp,
  `timeout` int(11),
  `x_pos` int(11),
  `y_pos` int(11),
  `width` varchar(255),
  `height` varchar(255),
  `textcolour` varchar(255),
  `bgcolour` varchar(45),
  `node_colour_id` varchar(1)
) ENGINE=MyISAM */;
SET character_set_client = @saved_cs_client;

--
-- Table structure for table `tsp_event_summary`
--

DROP TABLE IF EXISTS `tsp_event_summary`;
/*!40101 SET @saved_cs_client     = @@character_set_client */;
/*!40101 SET character_set_client = utf8 */;
CREATE TABLE `tsp_event_summary` (
  `hw` int(11) DEFAULT NULL,
  `INFO` int(11) DEFAULT NULL,
  `WARN` int(11) DEFAULT NULL,
  `ERR` int(11) DEFAULT NULL,
  `Description` varchar(255) NOT NULL,
  `MAINTENANCE` int(11) NOT NULL,
  `MAINTENANCEDesc` varchar(255) NOT NULL,
  `lastUpdate` timestamp NOT NULL DEFAULT '0000-00-00 00:00:00',
  `timeout` int(11) NOT NULL DEFAULT '1',
  `hw_src` varchar(255) NOT NULL,
  `level` int(11) NOT NULL,
  `topLevTstamp` timestamp NOT NULL DEFAULT '0000-00-00 00:00:00'
) ENGINE=MyISAM DEFAULT CHARSET=latin1;
/*!40101 SET character_set_client = @saved_cs_client */;

--
-- Dumping data for table `tsp_event_summary`
--

LOCK TABLES `tsp_event_summary` WRITE;
/*!40000 ALTER TABLE `tsp_event_summary` DISABLE KEYS */;
INSERT INTO `tsp_event_summary` VALUES (157,0,0,0,'',0,'','0000-00-00 00:00:00',1,'7',0,'0000-00-00 00:00:00'),(156,0,0,0,'',0,'','0000-00-00 00:00:00',1,'7',0,'0000-00-00 00:00:00'),(155,0,0,0,'',0,'','0000-00-00 00:00:00',1,'7',0,'0000-00-00 00:00:00'),(154,0,0,0,'',0,'','0000-00-00 00:00:00',1,'7',0,'0000-00-00 00:00:00'),(109,21,0,14,'Watchdog has expired on channel 4 recorder!',0,'NULL','2013-06-29 15:34:04',0,'4',0,'0000-00-00 00:00:00'),(108,21,0,14,'Watchdog has expired on channel 3 recorder!',0,'NULL','2013-06-29 15:34:04',0,'4',0,'0000-00-00 00:00:00'),(107,21,0,14,'Watchdog has expired on channel 2 recorder!',0,'NULL','2013-06-29 15:34:04',0,'4',0,'0000-00-00 00:00:00'),(106,21,0,14,'Watchdog has expired on channel 1 recorder!',0,'NULL','2013-06-29 15:34:04',0,'4',0,'0000-00-00 00:00:00'),(61,0,0,0,'',0,'NULL','2013-06-29 15:34:04',0,'4',0,'0000-00-00 00:00:00'),(61,0,0,0,'',0,'','0000-00-00 00:00:00',1,'7',0,'0000-00-00 00:00:00'),(60,0,0,0,'',0,'NULL','2013-06-29 15:34:04',0,'4',0,'0000-00-00 00:00:00'),(60,0,0,0,'',0,'','0000-00-00 00:00:00',1,'7',0,'0000-00-00 00:00:00'),(59,0,0,0,'',0,'NULL','2013-06-29 15:34:04',0,'4',0,'0000-00-00 00:00:00'),(59,0,0,0,'',0,'','0000-00-00 00:00:00',1,'7',0,'0000-00-00 00:00:00'),(58,0,0,0,'',0,'NULL','2013-06-29 15:34:04',0,'4',0,'0000-00-00 00:00:00'),(58,0,0,0,'',0,'','0000-00-00 00:00:00',1,'7',0,'0000-00-00 00:00:00'),(13,0,0,0,'',0,'NULL','2013-06-29 15:34:04',0,'4',0,'0000-00-00 00:00:00'),(13,0,0,0,'',0,'','0000-00-00 00:00:00',1,'7',0,'0000-00-00 00:00:00'),(12,0,0,0,'',0,'NULL','2013-06-29 15:34:04',0,'4',0,'0000-00-00 00:00:00'),(12,0,0,0,'',0,'','0000-00-00 00:00:00',1,'7',0,'0000-00-00 00:00:00'),(11,0,0,0,'',0,'NULL','2013-06-29 15:34:04',0,'4',0,'0000-00-00 00:00:00'),(11,0,0,0,'',0,'','0000-00-00 00:00:00',1,'7',0,'0000-00-00 00:00:00'),(10,0,0,0,'',0,'NULL','2013-06-29 15:34:04',0,'4',0,'0000-00-00 00:00:00'),(10,0,0,0,'',0,'','0000-00-00 00:00:00',1,'7',0,'0000-00-00 00:00:00'),(7,0,0,0,'',0,'','0000-00-00 00:00:00',1,'7',0,'0000-00-00 00:00:00'),(4,826,0,67,'Unable to contact NTP server(s)',0,'test','2013-06-29 15:34:04',0,'4',2,'2013-06-05 11:47:00');
/*!40000 ALTER TABLE `tsp_event_summary` ENABLE KEYS */;
UNLOCK TABLES;

--
-- Current Database: `tsp`
--

USE `tsp`;

--
-- Final view structure for view `test_view`
--

/*!50001 DROP TABLE IF EXISTS `test_view`*/;
/*!50001 DROP VIEW IF EXISTS `test_view`*/;
/*!50001 SET @saved_cs_client          = @@character_set_client */;
/*!50001 SET @saved_cs_results         = @@character_set_results */;
/*!50001 SET @saved_col_connection     = @@collation_connection */;
/*!50001 SET character_set_client      = utf8 */;
/*!50001 SET character_set_results     = utf8 */;
/*!50001 SET collation_connection      = utf8_general_ci */;
/*!50001 CREATE ALGORITHM=UNDEFINED */
/*!50013 DEFINER=`root`@`localhost` SQL SECURITY DEFINER */
/*!50001 VIEW `test_view` AS select `tsp`.`NodeID` AS `nodeID`,max(`tsp`.`node_colour_id`) AS `node_colour_id`,`tsp`.`screen_name` AS `screen_name`,group_concat(concat('<td>',`tsp`.`Channel`,'</td>') order by (`tsp`.`Channel` + 0) ASC separator '') AS `Channels`,group_concat(concat('<td>',`tsp`.`INFO`,'</td>') order by (`tsp`.`Channel` + 0) ASC separator '') AS `INFO`,group_concat(concat('<td>',`tsp`.`WARN`,'</td>') order by (`tsp`.`Channel` + 0) ASC separator '') AS `WARN`,group_concat(concat('<td>',`tsp`.`ERROR`,'</td>') order by (`tsp`.`Channel` + 0) ASC separator '') AS `ERROR`,group_concat(concat('<p> CH',`tsp`.`Channel`,': ',`tsp`.`Description`,'</p>') order by (`tsp`.`Channel` + 0) ASC separator '') AS `Description`,`tsp`.`x_pos` AS `x_pos`,`tsp`.`y_pos` AS `y_pos`,`tsp`.`width` AS `width`,`tsp`.`height` AS `height`,`tsp`.`textcolour` AS `textcolour`,(select `alarm_colours`.`basecolour` AS `basecolour` from `alarm_colours` where (`alarm_colours`.`id` = max(`tsp`.`node_colour_id`))) AS `basecolour`,(select `alarm_colours`.`colour` AS `nodecolour1` from `alarm_colours` where (`alarm_colours`.`id` = max(`tsp`.`node_colour_id`))) AS `nodecolour1`,(select `alarm_colours`.`class` AS `class` from `alarm_colours` where (`alarm_colours`.`id` = max(`tsp`.`node_colour_id`))) AS `class` from `tsp_display` `tsp` group by `tsp`.`NodeID` order by max(`tsp`.`node_colour_id`) desc limit 300 */;
/*!50001 SET character_set_client      = @saved_cs_client */;
/*!50001 SET character_set_results     = @saved_cs_results */;
/*!50001 SET collation_connection      = @saved_col_connection */;

--
-- Final view structure for view `tsp_display`
--

/*!50001 DROP TABLE IF EXISTS `tsp_display`*/;
/*!50001 DROP VIEW IF EXISTS `tsp_display`*/;
/*!50001 SET @saved_cs_client          = @@character_set_client */;
/*!50001 SET @saved_cs_results         = @@character_set_results */;
/*!50001 SET @saved_col_connection     = @@collation_connection */;
/*!50001 SET character_set_client      = utf8 */;
/*!50001 SET character_set_results     = utf8 */;
/*!50001 SET collation_connection      = utf8_general_ci */;
/*!50001 CREATE ALGORITHM=UNDEFINED */
/*!50013 DEFINER=`root`@`localhost` SQL SECURITY DEFINER */
/*!50001 VIEW `tsp_display` AS select `node_list`.`Display_ID` AS `NodeID`,`node_list`.`Channel` AS `Channel`,`node_list`.`screen_name` AS `screen_name`,`node_list`.`Name` AS `Name`,`tsp_event_summary`.`hw_src` AS `hw_src`,`tsp_event_summary`.`INFO` AS `INFO`,`tsp_event_summary`.`WARN` AS `WARN`,`tsp_event_summary`.`ERR` AS `ERROR`,(case when (`tsp_event_summary`.`timeout` = '1') then 'Connection to Node Timed Out.' when ((`tsp_event_summary`.`MAINTENANCE` = '1') and (`tsp_event_summary`.`timeout` = '0')) then concat('Maintenance: ',`tsp_event_summary`.`MAINTENANCEDesc`) else `tsp_event_summary`.`Description` end) AS `Description`,`tsp_event_summary`.`lastUpdate` AS `lastUpdate`,`tsp_event_summary`.`timeout` AS `timeout`,`display2`.`x_pos` AS `x_pos`,`display2`.`y_pos` AS `y_pos`,`display2`.`width` AS `width`,`display2`.`height` AS `height`,`display2`.`textcolour` AS `textcolour`,`alarm_colours`.`colour` AS `bgcolour`,(case when (`tsp_event_summary`.`timeout` = '1') then '1' when ((`tsp_event_summary`.`timeout` = '0') and (`tsp_event_summary`.`MAINTENANCE` = '1')) then '3' else (case when ((`tsp_event_summary`.`INFO` = 0) and (`tsp_event_summary`.`WARN` = 0) and (`tsp_event_summary`.`ERR` = 0)) then '2' when ((`tsp_event_summary`.`INFO` > 0) and (`tsp_event_summary`.`WARN` = 0) and (`tsp_event_summary`.`ERR` = 0)) then '4' when ((`tsp_event_summary`.`INFO` >= 0) and (`tsp_event_summary`.`WARN` > 0) and (`tsp_event_summary`.`ERR` = 0)) then '5' when ((`tsp_event_summary`.`INFO` >= 0) and (`tsp_event_summary`.`WARN` >= 0) and (`tsp_event_summary`.`ERR` > 0)) then '6' else '2' end) end) AS `node_colour_id` from (((`node_list` left join `tsp_event_summary` on(((`tsp_event_summary`.`hw` = `node_list`.`IDX`) and (`tsp_event_summary`.`hw_src` = `node_list`.`hw_src`)))) left join `display2` on((`display2`.`displayid` = `node_list`.`IDX`))) left join `alarm_colours` on((`alarm_colours`.`id` = `display2`.`bgcolour`))) order by `node_list`.`Display_ID` */;
/*!50001 SET character_set_client      = @saved_cs_client */;
/*!50001 SET character_set_results     = @saved_cs_results */;
/*!50001 SET collation_connection      = @saved_col_connection */;
/*!40103 SET TIME_ZONE=@OLD_TIME_ZONE */;

/*!40101 SET SQL_MODE=@OLD_SQL_MODE */;
/*!40014 SET FOREIGN_KEY_CHECKS=@OLD_FOREIGN_KEY_CHECKS */;
/*!40014 SET UNIQUE_CHECKS=@OLD_UNIQUE_CHECKS */;
/*!40101 SET CHARACTER_SET_CLIENT=@OLD_CHARACTER_SET_CLIENT */;
/*!40101 SET CHARACTER_SET_RESULTS=@OLD_CHARACTER_SET_RESULTS */;
/*!40101 SET COLLATION_CONNECTION=@OLD_COLLATION_CONNECTION */;
/*!40111 SET SQL_NOTES=@OLD_SQL_NOTES */;

-- Dump completed on 2013-06-13 12:55:22
